date,description,amount,currency,labeled_category
2026-02-02,DEBIT 2/2 NETFLIX.COM MONTHLY REF 100001,$8.91,USD,Luxuries
2026-03-03,ACH LANDLORD CORP RENT PAYMENT UNIT 4B REF 100002,$1120.00,USD,Rent
2026-04-04,CARD 4/4 SHELL OIL 1003 MOUNTAIN VIEW CA,$14.49,USD,Transport
2026-05-05,ONLINE WATER UTILITY AUTOPAY ACCT 100004,$39.48,USD,Utilities
2026-06-06,CARD 6/6 CVS PHARMACY 1005 PALO ALTO CA,$14.25,USD,Healthcare
2026-07-07,CARD 7/7 TARGET T-1006 SUNNYVALE CA,$21.54,USD,Misc
2026-08-08,POS 8/8 DOORDASH ORDER 100007 21:49,$17.93,USD,Food
2026-09-09,ACH PGANDE ELECTRIC BILL ACCT 100008,$52.48,USD,Utilities
2026-10-10,CARD 10/10 UBER TRIP HELP.UBER.COM REF 100009,$14.92,USD,Transport
2026-11-11,CARD 11/11 WHOLE FOODS MARKET 1010 CUPERTINO CA,$32.40,USD,Food
2026-12-12,POS 12/12 UNKNOWN MERCHANT ONLINE REF 100011,$15.12,USD,Uncategorized
2026-01-13,CARD 1/13 STARBUCKS #1012 SAN JOSE CA REF 100012,$13.24,USD,Food
2026-02-14,DEBIT 2/14 NETFLIX.COM MONTHLY REF 100013,$19.83,USD,Luxuries
2026-03-15,ACH LANDLORD CORP RENT PAYMENT UNIT 4B REF 100014,$1460.00,USD,Rent
2026-04-16,CARD 4/16 SHELL OIL 1015 MOUNTAIN VIEW CA,$24.45,USD,Transport
2026-05-17,ONLINE WATER UTILITY AUTOPAY ACCT 100016,$52.92,USD,Utilities
2026-06-18,CARD 6/18 CVS PHARMACY 1017 PALO ALTO CA,$26.85,USD,Healthcare
2026-07-19,CARD 7/19 TARGET T-1018 SUNNYVALE CA,$34.62,USD,Misc
2026-08-20,POS 8/20 DOORDASH ORDER 100019 9:13,$29.81,USD,Food
2026-09-21,ACH PGANDE ELECTRIC BILL ACCT 100020,$68.20,USD,Utilities
2026-10-22,CARD 10/22 UBER TRIP HELP.UBER.COM REF 100021,$25.48,USD,Transport
2026-11-23,CARD 11/23 WHOLE FOODS MARKET 1022 CUPERTINO CA,$47.28,USD,Food
2026-12-24,POS 12/24 UNKNOWN MERCHANT ONLINE REF 100023,$26.16,USD,Uncategorized
2026-01-25,CARD 1/25 STARBUCKS #1024 SAN JOSE CA REF 100024,$22.48,USD,Food
2026-02-26,DEBIT 2/26 NETFLIX.COM MONTHLY REF 100025,$8.00,USD,Luxuries
2026-03-27,ACH LANDLORD CORP RENT PAYMENT UNIT 4B REF 100026,$1120.00,USD,Rent
2026-04-28,CARD 4/28 SHELL OIL 1027 MOUNTAIN VIEW CA,$34.41,USD,Transport
2026-05-01,ONLINE WATER UTILITY AUTOPAY ACCT 100028,$66.36,USD,Utilities
2026-06-02,CARD 6/2 CVS PHARMACY 1029 PALO ALTO CA,$39.45,USD,Healthcare
2026-07-03,CARD 7/3 TARGET T-1030 SUNNYVALE CA,$47.70,USD,Misc
2026-08-04,POS 8/4 DOORDASH ORDER 100031 21:37,$41.69,USD,Food
2026-09-05,ACH PGANDE ELECTRIC BILL ACCT 100032,$83.92,USD,Utilities
2026-10-06,CARD 10/6 UBER TRIP HELP.UBER.COM REF 100033,$36.04,USD,Transport
2026-11-07,CARD 11/7 WHOLE FOODS MARKET 1034 CUPERTINO CA,$62.16,USD,Food
2026-12-08,POS 12/8 UNKNOWN MERCHANT ONLINE REF 100035,$37.20,USD,Uncategorized
2026-01-09,CARD 1/9 STARBUCKS #1036 SAN JOSE CA REF 100036,$31.72,USD,Food
2026-02-10,DEBIT 2/10 NETFLIX.COM MONTHLY REF 100037,$18.92,USD,Luxuries
2026-03-11,ACH LANDLORD CORP RENT PAYMENT UNIT 4B REF 100038,$1460.00,USD,Rent
2026-04-12,CARD 4/12 SHELL OIL 1039 MOUNTAIN VIEW CA,$44.37,USD,Transport
2026-05-13,ONLINE WATER UTILITY AUTOPAY ACCT 100040,$79.80,USD,Utilities
2026-06-14,CARD 6/14 CVS PHARMACY 1041 PALO ALTO CA,$52.05,USD,Healthcare
2026-07-15,CARD 7/15 TARGET T-1042 SUNNYVALE CA,$60.78,USD,Misc
2026-08-16,POS 8/16 DOORDASH ORDER 100043 9:1,$53.57,USD,Food
2026-09-17,ACH PGANDE ELECTRIC BILL ACCT 100044,$99.64,USD,Utilities
2026-10-18,CARD 10/18 UBER TRIP HELP.UBER.COM REF 100045,$15.80,USD,Transport
2026-11-19,CARD 11/19 WHOLE FOODS MARKET 1046 CUPERTINO CA,$77.04,USD,Food
2026-12-20,POS 12/20 UNKNOWN MERCHANT ONLINE REF 100047,$48.24,USD,Uncategorized
2026-01-21,CARD 1/21 STARBUCKS #1048 SAN JOSE CA REF 100048,$10.16,USD,Food
2026-02-22,DEBIT 2/22 NETFLIX.COM MONTHLY REF 100049,$29.84,USD,Luxuries
2026-03-23,ACH LANDLORD CORP RENT PAYMENT UNIT 4B REF 100050,$1120.00,USD,Rent
2026-04-24,CARD 4/24 SHELL OIL 1051 MOUNTAIN VIEW CA,$16.98,USD,Transport
2026-05-25,ONLINE WATER UTILITY AUTOPAY ACCT 100052,$93.24,USD,Utilities
2026-06-26,CARD 6/26 CVS PHARMACY 1053 PALO ALTO CA,$64.65,USD,Healthcare
2026-07-27,CARD 7/27 TARGET T-1054 SUNNYVALE CA,$73.86,USD,Misc
2026-08-28,POS 8/28 DOORDASH ORDER 100055 21:25,$15.95,USD,Food
2026-09-01,ACH PGANDE ELECTRIC BILL ACCT 100056,$115.36,USD,Utilities
2026-10-02,CARD 10/2 UBER TRIP HELP.UBER.COM REF 100057,$26.36,USD,Transport
2026-11-03,CARD 11/3 WHOLE FOODS MARKET 1058 CUPERTINO CA,$91.92,USD,Food
2026-12-04,POS 12/4 UNKNOWN MERCHANT ONLINE REF 100059,$8.68,USD,Uncategorized
2026-01-05,CARD 1/5 STARBUCKS #1060 SAN JOSE CA REF 100060,$19.40,USD,Food
2026-02-06,DEBIT 2/6 NETFLIX.COM MONTHLY REF 100061,$18.01,USD,Luxuries
2026-03-07,ACH LANDLORD CORP RENT PAYMENT UNIT 4B REF 100062,$1460.00,USD,Rent
2026-04-08,CARD 4/8 SHELL OIL 1063 MOUNTAIN VIEW CA,$26.94,USD,Transport
2026-05-09,ONLINE WATER UTILITY AUTOPAY ACCT 100064,$39.48,USD,Utilities
2026-06-10,CARD 6/10 CVS PHARMACY 1065 PALO ALTO CA,$77.25,USD,Healthcare
2026-07-11,CARD 7/11 TARGET T-1066 SUNNYVALE CA,$86.94,USD,Misc
2026-08-12,POS 8/12 DOORDASH ORDER 100067 9:49,$27.83,USD,Food
2026-09-13,ACH PGANDE ELECTRIC BILL ACCT 100068,$131.08,USD,Utilities
2026-10-14,CARD 10/14 UBER TRIP HELP.UBER.COM REF 100069,$36.92,USD,Transport
2026-11-15,CARD 11/15 WHOLE FOODS MARKET 1070 CUPERTINO CA,$106.80,USD,Food
2026-12-16,POS 12/16 UNKNOWN MERCHANT ONLINE REF 100071,$19.72,USD,Uncategorized
2026-01-17,CARD 1/17 STARBUCKS #1072 SAN JOSE CA REF 100072,$28.64,USD,Food
2026-02-18,DEBIT 2/18 NETFLIX.COM MONTHLY REF 100073,$28.93,USD,Luxuries
2026-03-19,ACH LANDLORD CORP RENT PAYMENT UNIT 4B REF 100074,$1120.00,USD,Rent
2026-04-20,CARD 4/20 SHELL OIL 1075 MOUNTAIN VIEW CA,$36.90,USD,Transport
2026-05-21,ONLINE WATER UTILITY AUTOPAY ACCT 100076,$52.92,USD,Utilities
2026-06-22,CARD 6/22 CVS PHARMACY 1077 PALO ALTO CA,$16.35,USD,Healthcare
2026-07-23,CARD 7/23 TARGET T-1078 SUNNYVALE CA,$100.02,USD,Misc
2026-08-24,POS 8/24 DOORDASH ORDER 100079 21:13,$39.71,USD,Food
2026-09-25,ACH PGANDE ELECTRIC BILL ACCT 100080,$42.00,USD,Utilities
2026-10-26,CARD 10/26 UBER TRIP HELP.UBER.COM REF 100081,$16.68,USD,Transport
2026-11-27,CARD 11/27 WHOLE FOODS MARKET 1082 CUPERTINO CA,$121.68,USD,Food
2026-12-28,POS 12/28 UNKNOWN MERCHANT ONLINE REF 100083,$30.76,USD,Uncategorized
2026-01-01,CARD 1/1 STARBUCKS #1084 SAN JOSE CA REF 100084,$7.08,USD,Food
2026-02-02,DEBIT 2/2 NETFLIX.COM MONTHLY REF 100085,$17.10,USD,Luxuries
2026-03-03,ACH LANDLORD CORP RENT PAYMENT UNIT 4B REF 100086,$1460.00,USD,Rent
2026-04-04,CARD 4/4 SHELL OIL 1087 MOUNTAIN VIEW CA,$46.86,USD,Transport
2026-05-05,ONLINE WATER UTILITY AUTOPAY ACCT 100088,$66.36,USD,Utilities
2026-06-06,CARD 6/6 CVS PHARMACY 1089 PALO ALTO CA,$28.95,USD,Healthcare
2026-07-07,CARD 7/7 TARGET T-1090 SUNNYVALE CA,$113.10,USD,Misc
2026-08-08,POS 8/8 DOORDASH ORDER 100091 9:37,$51.59,USD,Food
2026-09-09,ACH PGANDE ELECTRIC BILL ACCT 100092,$57.72,USD,Utilities
2026-10-10,CARD 10/10 UBER TRIP HELP.UBER.COM REF 100093,$27.24,USD,Transport
2026-11-11,CARD 11/11 WHOLE FOODS MARKET 1094 CUPERTINO CA,$136.56,USD,Food
2026-12-12,POS 12/12 UNKNOWN MERCHANT ONLINE REF 100095,$41.80,USD,Uncategorized
2026-01-13,CARD 1/13 STARBUCKS #1096 SAN JOSE CA REF 100096,$16.32,USD,Food
2026-02-14,DEBIT 2/14 NETFLIX.COM MONTHLY REF 100097,$28.02,USD,Luxuries
2026-03-15,ACH LANDLORD CORP RENT PAYMENT UNIT 4B REF 100098,$1120.00,USD,Rent
2026-04-16,CARD 4/16 SHELL OIL 1099 MOUNTAIN VIEW CA,$19.47,USD,Transport
2026-05-17,ONLINE WATER UTILITY AUTOPAY ACCT 100100,$79.80,USD,Utilities
2026-06-18,CARD 6/18 CVS PHARMACY 1101 PALO ALTO CA,$41.55,USD,Healthcare
2026-07-19,CARD 7/19 TARGET T-1102 SUNNYVALE CA,$126.18,USD,Misc
2026-08-20,POS 8/20 DOORDASH ORDER 100103 21:1,$13.97,USD,Food
2026-09-21,ACH PGANDE ELECTRIC BILL ACCT 100104,$73.44,USD,Utilities
2026-10-22,CARD 10/22 UBER TRIP HELP.UBER.COM REF 100105,$7.00,USD,Transport
2026-11-23,CARD 11/23 WHOLE FOODS MARKET 1106 CUPERTINO CA,$151.44,USD,Food
2026-12-24,POS 12/24 UNKNOWN MERCHANT ONLINE REF 100107,$52.84,USD,Uncategorized
2026-01-25,CARD 1/25 STARBUCKS #1108 SAN JOSE CA REF 100108,$25.56,USD,Food
2026-02-26,DEBIT 2/26 NETFLIX.COM MONTHLY REF 100109,$16.19,USD,Luxuries
2026-03-27,ACH LANDLORD CORP RENT PAYMENT UNIT 4B REF 100110,$1460.00,USD,Rent
2026-04-28,CARD 4/28 SHELL OIL 1111 MOUNTAIN VIEW CA,$29.43,USD,Transport
2026-05-01,ONLINE WATER UTILITY AUTOPAY ACCT 100112,$93.24,USD,Utilities
2026-06-02,CARD 6/2 CVS PHARMACY 1113 PALO ALTO CA,$54.15,USD,Healthcare
2026-07-03,CARD 7/3 TARGET T-1114 SUNNYVALE CA,$19.36,USD,Misc
2026-08-04,POS 8/4 DOORDASH ORDER 100115 9:25,$25.85,USD,Food
2026-09-05,ACH PGANDE ELECTRIC BILL ACCT 100116,$89.16,USD,Utilities
2026-10-06,CARD 10/6 UBER TRIP HELP.UBER.COM REF 100117,$17.56,USD,Transport
2026-11-07,CARD 11/7 WHOLE FOODS MARKET 1118 CUPERTINO CA,$166.32,USD,Food
2026-12-08,POS 12/8 UNKNOWN MERCHANT ONLINE REF 100119,$13.28,USD,Uncategorized
2026-01-09,CARD 1/9 STARBUCKS #1120 SAN JOSE CA REF 100120,$4.00,USD,Food
2026-02-10,DEBIT 2/10 NETFLIX.COM MONTHLY REF 100121,$27.11,USD,Luxuries
2026-03-11,ACH LANDLORD CORP RENT PAYMENT UNIT 4B REF 100122,$1120.00,USD,Rent
2026-04-12,CARD 4/12 SHELL OIL 1123 MOUNTAIN VIEW CA,$39.39,USD,Transport
2026-05-13,ONLINE WATER UTILITY AUTOPAY ACCT 100124,$39.48,USD,Utilities
2026-06-14,CARD 6/14 CVS PHARMACY 1125 PALO ALTO CA,$66.75,USD,Healthcare
2026-07-15,CARD 7/15 TARGET T-1126 SUNNYVALE CA,$32.44,USD,Misc
2026-08-16,POS 8/16 DOORDASH ORDER 100127 21:49,$37.73,USD,Food
2026-09-17,ACH PGANDE ELECTRIC BILL ACCT 100128,$104.88,USD,Utilities
2026-10-18,CARD 10/18 UBER TRIP HELP.UBER.COM REF 100129,$28.12,USD,Transport
2026-11-19,CARD 11/19 WHOLE FOODS MARKET 1130 CUPERTINO CA,$20.00,USD,Food
2026-12-20,POS 12/20 UNKNOWN MERCHANT ONLINE REF 100131,$24.32,USD,Uncategorized
2026-01-21,CARD 1/21 STARBUCKS #1132 SAN JOSE CA REF 100132,$13.24,USD,Food
2026-02-22,DEBIT 2/22 NETFLIX.COM MONTHLY REF 100133,$15.28,USD,Luxuries
2026-03-23,ACH LANDLORD CORP RENT PAYMENT UNIT 4B REF 100134,$1460.00,USD,Rent
2026-04-24,CARD 4/24 SHELL OIL 1135 MOUNTAIN VIEW CA,$12.00,USD,Transport
2026-05-25,ONLINE WATER UTILITY AUTOPAY ACCT 100136,$52.92,USD,Utilities
2026-06-26,CARD 6/26 CVS PHARMACY 1137 PALO ALTO CA,$79.35,USD,Healthcare
2026-07-27,CARD 7/27 TARGET T-1138 SUNNYVALE CA,$45.52,USD,Misc
2026-08-28,POS 8/28 DOORDASH ORDER 100139 9:13,$49.61,USD,Food
2026-09-01,ACH PGANDE ELECTRIC BILL ACCT 100140,$120.60,USD,Utilities
2026-10-02,CARD 10/2 UBER TRIP HELP.UBER.COM REF 100141,$7.88,USD,Transport
2026-11-03,CARD 11/3 WHOLE FOODS MARKET 1142 CUPERTINO CA,$34.88,USD,Food
2026-12-04,POS 12/4 UNKNOWN MERCHANT ONLINE REF 100143,$35.36,USD,Uncategorized
2026-01-05,CARD 1/5 STARBUCKS #1144 SAN JOSE CA REF 100144,$22.48,USD,Food
2026-02-06,DEBIT 2/6 NETFLIX.COM MONTHLY REF 100145,$26.20,USD,Luxuries
2026-03-07,ACH LANDLORD CORP RENT PAYMENT UNIT 4B REF 100146,$1120.00,USD,Rent
2026-04-08,CARD 4/8 SHELL OIL 1147 MOUNTAIN VIEW CA,$21.96,USD,Transport
2026-05-09,ONLINE WATER UTILITY AUTOPAY ACCT 100148,$66.36,USD,Utilities
2026-06-10,CARD 6/10 CVS PHARMACY 1149 PALO ALTO CA,$18.45,USD,Healthcare
2026-07-11,CARD 7/11 TARGET T-1150 SUNNYVALE CA,$58.60,USD,Misc
2026-08-12,POS 8/12 DOORDASH ORDER 100151 21:37,$11.99,USD,Food
2026-09-13,ACH PGANDE ELECTRIC BILL ACCT 100152,$136.32,USD,Utilities
2026-10-14,CARD 10/14 UBER TRIP HELP.UBER.COM REF 100153,$18.44,USD,Transport
2026-11-15,CARD 11/15 WHOLE FOODS MARKET 1154 CUPERTINO CA,$49.76,USD,Food
2026-12-16,POS 12/16 UNKNOWN MERCHANT ONLINE REF 100155,$46.40,USD,Uncategorized
2026-01-17,CARD 1/17 STARBUCKS #1156 SAN JOSE CA REF 100156,$31.72,USD,Food
2026-02-18,DEBIT 2/18 NETFLIX.COM MONTHLY REF 100157,$14.37,USD,Luxuries
2026-03-19,ACH LANDLORD CORP RENT PAYMENT UNIT 4B REF 100158,$1460.00,USD,Rent
2026-04-20,CARD 4/20 SHELL OIL 1159 MOUNTAIN VIEW CA,$31.92,USD,Transport
2026-05-21,ONLINE WATER UTILITY AUTOPAY ACCT 100160,$79.80,USD,Utilities
2026-06-22,CARD 6/22 CVS PHARMACY 1161 PALO ALTO CA,$31.05,USD,Healthcare
2026-07-23,CARD 7/23 TARGET T-1162 SUNNYVALE CA,$71.68,USD,Misc
2026-08-24,POS 8/24 DOORDASH ORDER 100163 9:1,$23.87,USD,Food
2026-09-25,ACH PGANDE ELECTRIC BILL ACCT 100164,$47.24,USD,Utilities
2026-10-26,CARD 10/26 UBER TRIP HELP.UBER.COM REF 100165,$29.00,USD,Transport
2026-11-27,CARD 11/27 WHOLE FOODS MARKET 1166 CUPERTINO CA,$64.64,USD,Food
2026-12-28,POS 12/28 UNKNOWN MERCHANT ONLINE REF 100167,$6.84,USD,Uncategorized
2026-01-01,CARD 1/1 STARBUCKS #1168 SAN JOSE CA REF 100168,$10.16,USD,Food
2026-02-02,DEBIT 2/2 NETFLIX.COM MONTHLY REF 100169,$25.29,USD,Luxuries
2026-03-03,ACH LANDLORD CORP RENT PAYMENT UNIT 4B REF 100170,$1120.00,USD,Rent
2026-04-04,CARD 4/4 SHELL OIL 1171 MOUNTAIN VIEW CA,$41.88,USD,Transport
2026-05-05,ONLINE WATER UTILITY AUTOPAY ACCT 100172,$93.24,USD,Utilities
2026-06-06,CARD 6/6 CVS PHARMACY 1173 PALO ALTO CA,$43.65,USD,Healthcare
2026-07-07,CARD 7/7 TARGET T-1174 SUNNYVALE CA,$84.76,USD,Misc
2026-08-08,POS 8/8 DOORDASH ORDER 100175 21:25,$35.75,USD,Food
2026-09-09,ACH PGANDE ELECTRIC BILL ACCT 100176,$62.96,USD,Utilities
2026-10-10,CARD 10/10 UBER TRIP HELP.UBER.COM REF 100177,$8.76,USD,Transport
2026-11-11,CARD 11/11 WHOLE FOODS MARKET 1178 CUPERTINO CA,$79.52,USD,Food
2026-12-12,POS 12/12 UNKNOWN MERCHANT ONLINE REF 100179,$17.88,USD,Uncategorized
2026-01-13,CARD 1/13 STARBUCKS #1180 SAN JOSE CA REF 100180,$19.40,USD,Food
2026-02-14,DEBIT 2/14 NETFLIX.COM MONTHLY REF 100181,$13.46,USD,Luxuries
2026-03-15,ACH LANDLORD CORP RENT PAYMENT UNIT 4B REF 100182,$1460.00,USD,Rent
2026-04-16,CARD 4/16 SHELL OIL 1183 MOUNTAIN VIEW CA,$14.49,USD,Transport
2026-05-17,ONLINE WATER UTILITY AUTOPAY ACCT 100184,$39.48,USD,Utilities
2026-06-18,CARD 6/18 CVS PHARMACY 1185 PALO ALTO CA,$56.25,USD,Healthcare
2026-07-19,CARD 7/19 TARGET T-1186 SUNNYVALE CA,$97.84,USD,Misc
2026-08-20,POS 8/20 DOORDASH ORDER 100187 9:49,$47.63,USD,Food
2026-09-21,ACH PGANDE ELECTRIC BILL ACCT 100188,$78.68,USD,Utilities
2026-10-22,CARD 10/22 UBER TRIP HELP.UBER.COM REF 100189,$19.32,USD,Transport
2026-11-23,CARD 11/23 WHOLE FOODS MARKET 1190 CUPERTINO CA,$94.40,USD,Food
2026-12-24,POS 12/24 UNKNOWN MERCHANT ONLINE REF 100191,$28.92,USD,Uncategorized
2026-01-25,CARD 1/25 STARBUCKS #1192 SAN JOSE CA REF 100192,$28.64,USD,Food
2026-02-26,DEBIT 2/26 NETFLIX.COM MONTHLY REF 100193,$24.38,USD,Luxuries
2026-03-27,ACH LANDLORD CORP RENT PAYMENT UNIT 4B REF 100194,$1120.00,USD,Rent
2026-04-28,CARD 4/28 SHELL OIL 1195 MOUNTAIN VIEW CA,$24.45,USD,Transport
2026-05-01,ONLINE WATER UTILITY AUTOPAY ACCT 100196,$52.92,USD,Utilities
2026-06-02,CARD 6/2 CVS PHARMACY 1197 PALO ALTO CA,$68.85,USD,Healthcare
2026-07-03,CARD 7/3 TARGET T-1198 SUNNYVALE CA,$110.92,USD,Misc
2026-08-04,POS 8/4 DOORDASH ORDER 100199 21:13,$59.51,USD,Food
2026-09-05,ACH PGANDE ELECTRIC BILL ACCT 100200,$94.40,USD,Utilities
2026-10-06,CARD 10/6 UBER TRIP HELP.UBER.COM REF 100201,$29.88,USD,Transport
2026-11-07,CARD 11/7 WHOLE FOODS MARKET 1202 CUPERTINO CA,$109.28,USD,Food
2026-12-08,POS 12/8 UNKNOWN MERCHANT ONLINE REF 100203,$39.96,USD,Uncategorized
2026-01-09,CARD 1/9 STARBUCKS #1204 SAN JOSE CA REF 100204,$7.08,USD,Food
2026-02-10,DEBIT 2/10 NETFLIX.COM MONTHLY REF 100205,$12.55,USD,Luxuries
2026-03-11,ACH LANDLORD CORP RENT PAYMENT UNIT 4B REF 100206,$1460.00,USD,Rent
2026-04-12,CARD 4/12 SHELL OIL 1207 MOUNTAIN VIEW CA,$34.41,USD,Transport
2026-05-13,ONLINE WATER UTILITY AUTOPAY ACCT 100208,$66.36,USD,Utilities
2026-06-14,CARD 6/14 CVS PHARMACY 1209 PALO ALTO CA,$81.45,USD,Healthcare
2026-07-15,CARD 7/15 TARGET T-1210 SUNNYVALE CA,$124.00,USD,Misc
2026-08-16,POS 8/16 DOORDASH ORDER 100211 9:37,$21.89,USD,Food
2026-09-17,ACH PGANDE ELECTRIC BILL ACCT 100212,$110.12,USD,Utilities
2026-10-18,CARD 10/18 UBER TRIP HELP.UBER.COM REF 100213,$9.64,USD,Transport
2026-11-19,CARD 11/19 WHOLE FOODS MARKET 1214 CUPERTINO CA,$124.16,USD,Food
2026-12-20,POS 12/20 UNKNOWN MERCHANT ONLINE REF 100215,$51.00,USD,Uncategorized
2026-01-21,CARD 1/21 STARBUCKS #1216 SAN JOSE CA REF 100216,$16.32,USD,Food
2026-02-22,DEBIT 2/22 NETFLIX.COM MONTHLY REF 100217,$23.47,USD,Luxuries
2026-03-23,ACH LANDLORD CORP RENT PAYMENT UNIT 4B REF 100218,$1120.00,USD,Rent
2026-04-24,CARD 4/24 SHELL OIL 1219 MOUNTAIN VIEW CA,$44.37,USD,Transport
2026-05-25,ONLINE WATER UTILITY AUTOPAY ACCT 100220,$79.80,USD,Utilities
2026-06-26,CARD 6/26 CVS PHARMACY 1221 PALO ALTO CA,$20.55,USD,Healthcare
2026-07-27,CARD 7/27 TARGET T-1222 SUNNYVALE CA,$17.18,USD,Misc
2026-08-28,POS 8/28 DOORDASH ORDER 100223 21:1,$33.77,USD,Food
2026-09-01,ACH PGANDE ELECTRIC BILL ACCT 100224,$125.84,USD,Utilities
2026-10-02,CARD 10/2 UBER TRIP HELP.UBER.COM REF 100225,$20.20,USD,Transport
2026-11-03,CARD 11/3 WHOLE FOODS MARKET 1226 CUPERTINO CA,$139.04,USD,Food
2026-12-04,POS 12/4 UNKNOWN MERCHANT ONLINE REF 100227,$11.44,USD,Uncategorized
2026-01-05,CARD 1/5 STARBUCKS #1228 SAN JOSE CA REF 100228,$25.56,USD,Food
2026-02-06,DEBIT 2/6 NETFLIX.COM MONTHLY REF 100229,$11.64,USD,Luxuries
2026-03-07,ACH LANDLORD CORP RENT PAYMENT UNIT 4B REF 100230,$1460.00,USD,Rent
2026-04-08,CARD 4/8 SHELL OIL 1231 MOUNTAIN VIEW CA,$16.98,USD,Transport
2026-05-09,ONLINE WATER UTILITY AUTOPAY ACCT 100232,$93.24,USD,Utilities
2026-06-10,CARD 6/10 CVS PHARMACY 1233 PALO ALTO CA,$33.15,USD,Healthcare
2026-07-11,CARD 7/11 TARGET T-1234 SUNNYVALE CA,$30.26,USD,Misc
2026-08-12,POS 8/12 DOORDASH ORDER 100235 9:25,$45.65,USD,Food
2026-09-13,ACH PGANDE ELECTRIC BILL ACCT 100236,$141.56,USD,Utilities
2026-10-14,CARD 10/14 UBER TRIP HELP.UBER.COM REF 100237,$30.76,USD,Transport
2026-11-15,CARD 11/15 WHOLE FOODS MARKET 1238 CUPERTINO CA,$153.92,USD,Food
2026-12-16,POS 12/16 UNKNOWN MERCHANT ONLINE REF 100239,$22.48,USD,Uncategorized
2026-01-17,CARD 1/17 STARBUCKS #1240 SAN JOSE CA REF 100240,$4.00,USD,Food
2026-02-18,DEBIT 2/18 NETFLIX.COM MONTHLY REF 100241,$22.56,USD,Luxuries
2026-03-19,ACH LANDLORD CORP RENT PAYMENT UNIT 4B REF 100242,$1120.00,USD,Rent
2026-04-20,CARD 4/20 SHELL OIL 1243 MOUNTAIN VIEW CA,$26.94,USD,Transport
2026-05-21,ONLINE WATER UTILITY AUTOPAY ACCT 100244,$39.48,USD,Utilities
2026-06-22,CARD 6/22 CVS PHARMACY 1245 PALO ALTO CA,$45.75,USD,Healthcare
2026-07-23,CARD 7/23 TARGET T-1246 SUNNYVALE CA,$43.34,USD,Misc
2026-08-24,POS 8/24 DOORDASH ORDER 100247 21:49,$57.53,USD,Food
2026-09-25,ACH PGANDE ELECTRIC BILL ACCT 100248,$52.48,USD,Utilities
2026-10-26,CARD 10/26 UBER TRIP HELP.UBER.COM REF 100249,$10.52,USD,Transport
2026-11-27,CARD 11/27 WHOLE FOODS MARKET 1250 CUPERTINO CA,$168.80,USD,Food
2026-12-28,POS 12/28 UNKNOWN MERCHANT ONLINE REF 100251,$33.52,USD,Uncategorized
2026-01-01,CARD 1/1 STARBUCKS #1252 SAN JOSE CA REF 100252,$13.24,USD,Food
2026-02-02,DEBIT 2/2 NETFLIX.COM MONTHLY REF 100253,$10.73,USD,Luxuries
2026-03-03,ACH LANDLORD CORP RENT PAYMENT UNIT 4B REF 100254,$1460.00,USD,Rent
2026-04-04,CARD 4/4 SHELL OIL 1255 MOUNTAIN VIEW CA,$36.90,USD,Transport
2026-05-05,ONLINE WATER UTILITY AUTOPAY ACCT 100256,$52.92,USD,Utilities
2026-06-06,CARD 6/6 CVS PHARMACY 1257 PALO ALTO CA,$58.35,USD,Healthcare
2026-07-07,CARD 7/7 TARGET T-1258 SUNNYVALE CA,$56.42,USD,Misc
2026-08-08,POS 8/8 DOORDASH ORDER 100259 9:13,$19.91,USD,Food
2026-09-09,ACH PGANDE ELECTRIC BILL ACCT 100260,$68.20,USD,Utilities
2026-10-10,CARD 10/10 UBER TRIP HELP.UBER.COM REF 100261,$21.08,USD,Transport
2026-11-11,CARD 11/11 WHOLE FOODS MARKET 1262 CUPERTINO CA,$22.48,USD,Food
2026-12-12,POS 12/12 UNKNOWN MERCHANT ONLINE REF 100263,$44.56,USD,Uncategorized
2026-01-13,CARD 1/13 STARBUCKS #1264 SAN JOSE CA REF 100264,$22.48,USD,Food
2026-02-14,DEBIT 2/14 NETFLIX.COM MONTHLY REF 100265,$21.65,USD,Luxuries
2026-03-15,ACH LANDLORD CORP RENT PAYMENT UNIT 4B REF 100266,$1120.00,USD,Rent
2026-04-16,CARD 4/16 SHELL OIL 1267 MOUNTAIN VIEW CA,$46.86,USD,Transport
2026-05-17,ONLINE WATER UTILITY AUTOPAY ACCT 100268,$66.36,USD,Utilities
2026-06-18,CARD 6/18 CVS PHARMACY 1269 PALO ALTO CA,$70.95,USD,Healthcare
2026-07-19,CARD 7/19 TARGET T-1270 SUNNYVALE CA,$69.50,USD,Misc
2026-08-20,POS 8/20 DOORDASH ORDER 100271 21:37,$31.79,USD,Food
2026-09-21,ACH PGANDE ELECTRIC BILL ACCT 100272,$83.92,USD,Utilities
2026-10-22,CARD 10/22 UBER TRIP HELP.UBER.COM REF 100273,$31.64,USD,Transport
2026-11-23,CARD 11/23 WHOLE FOODS MARKET 1274 CUPERTINO CA,$37.36,USD,Food
2026-12-24,POS 12/24 UNKNOWN MERCHANT ONLINE REF 100275,$5.00,USD,Uncategorized
2026-01-25,CARD 1/25 STARBUCKS #1276 SAN JOSE CA REF 100276,$31.72,USD,Food
2026-02-26,DEBIT 2/26 NETFLIX.COM MONTHLY REF 100277,$9.82,USD,Luxuries
2026-03-27,ACH LANDLORD CORP RENT PAYMENT UNIT 4B REF 100278,$1460.00,USD,Rent
2026-04-28,CARD 4/28 SHELL OIL 1279 MOUNTAIN VIEW CA,$19.47,USD,Transport
2026-05-01,ONLINE WATER UTILITY AUTOPAY ACCT 100280,$79.80,USD,Utilities
2026-06-02,CARD 6/2 CVS PHARMACY 1281 PALO ALTO CA,$10.05,USD,Healthcare
2026-07-03,CARD 7/3 TARGET T-1282 SUNNYVALE CA,$82.58,USD,Misc
2026-08-04,POS 8/4 DOORDASH ORDER 100283 9:1,$43.67,USD,Food
2026-09-05,ACH PGANDE ELECTRIC BILL ACCT 100284,$99.64,USD,Utilities
2026-10-06,CARD 10/6 UBER TRIP HELP.UBER.COM REF 100285,$11.40,USD,Transport
2026-11-07,CARD 11/7 WHOLE FOODS MARKET 1286 CUPERTINO CA,$52.24,USD,Food
2026-12-08,POS 12/8 UNKNOWN MERCHANT ONLINE REF 100287,$16.04,USD,Uncategorized
2026-01-09,CARD 1/9 STARBUCKS #1288 SAN JOSE CA REF 100288,$10.16,USD,Food
2026-02-10,DEBIT 2/10 NETFLIX.COM MONTHLY REF 100289,$20.74,USD,Luxuries
2026-03-11,ACH LANDLORD CORP RENT PAYMENT UNIT 4B REF 100290,$1120.00,USD,Rent
2026-04-12,CARD 4/12 SHELL OIL 1291 MOUNTAIN VIEW CA,$29.43,USD,Transport
2026-05-13,ONLINE WATER UTILITY AUTOPAY ACCT 100292,$93.24,USD,Utilities
2026-06-14,CARD 6/14 CVS PHARMACY 1293 PALO ALTO CA,$22.65,USD,Healthcare
2026-07-15,CARD 7/15 TARGET T-1294 SUNNYVALE CA,$95.66,USD,Misc
2026-08-16,POS 8/16 DOORDASH ORDER 100295 21:25,$55.55,USD,Food
2026-09-17,ACH PGANDE ELECTRIC BILL ACCT 100296,$115.36,USD,Utilities
2026-10-18,CARD 10/18 UBER TRIP HELP.UBER.COM REF 100297,$21.96,USD,Transport
2026-11-19,CARD 11/19 WHOLE FOODS MARKET 1298 CUPERTINO CA,$67.12,USD,Food
2026-12-20,POS 12/20 UNKNOWN MERCHANT ONLINE REF 100299,$27.08,USD,Uncategorized
2026-01-21,CARD 1/21 STARBUCKS #1300 SAN JOSE CA REF 100300,$19.40,USD,Food
2026-02-22,DEBIT 2/22 NETFLIX.COM MONTHLY REF 100301,$8.91,USD,Luxuries
2026-03-23,ACH LANDLORD CORP RENT PAYMENT UNIT 4B REF 100302,$1460.00,USD,Rent
2026-04-24,CARD 4/24 SHELL OIL 1303 MOUNTAIN VIEW CA,$39.39,USD,Transport
2026-05-25,ONLINE WATER UTILITY AUTOPAY ACCT 100304,$39.48,USD,Utilities
2026-06-26,CARD 6/26 CVS PHARMACY 1305 PALO ALTO CA,$35.25,USD,Healthcare
2026-07-27,CARD 7/27 TARGET T-1306 SUNNYVALE CA,$108.74,USD,Misc
2026-08-28,POS 8/28 DOORDASH ORDER 100307 9:49,$17.93,USD,Food
2026-09-01,ACH PGANDE ELECTRIC BILL ACCT 100308,$131.08,USD,Utilities
2026-10-02,CARD 10/2 UBER TRIP HELP.UBER.COM REF 100309,$32.52,USD,Transport
2026-11-03,CARD 11/3 WHOLE FOODS MARKET 1310 CUPERTINO CA,$82.00,USD,Food
2026-12-04,POS 12/4 UNKNOWN MERCHANT ONLINE REF 100311,$38.12,USD,Uncategorized
2026-01-05,CARD 1/5 STARBUCKS #1312 SAN JOSE CA REF 100312,$28.64,USD,Food
2026-02-06,DEBIT 2/6 NETFLIX.COM MONTHLY REF 100313,$19.83,USD,Luxuries
2026-03-07,ACH LANDLORD CORP RENT PAYMENT UNIT 4B REF 100314,$1120.00,USD,Rent
2026-04-08,CARD 4/8 SHELL OIL 1315 MOUNTAIN VIEW CA,$12.00,USD,Transport
2026-05-09,ONLINE WATER UTILITY AUTOPAY ACCT 100316,$52.92,USD,Utilities
2026-06-10,CARD 6/10 CVS PHARMACY 1317 PALO ALTO CA,$47.85,USD,Healthcare
2026-07-11,CARD 7/11 TARGET T-1318 SUNNYVALE CA,$121.82,USD,Misc
2026-08-12,POS 8/12 DOORDASH ORDER 100319 21:13,$29.81,USD,Food
2026-09-13,ACH PGANDE ELECTRIC BILL ACCT 100320,$42.00,USD,Utilities
2026-10-14,CARD 10/14 UBER TRIP HELP.UBER.COM REF 100321,$12.28,USD,Transport
2026-11-15,CARD 11/15 WHOLE FOODS MARKET 1322 CUPERTINO CA,$96.88,USD,Food
2026-12-16,POS 12/16 UNKNOWN MERCHANT ONLINE REF 100323,$49.16,USD,Uncategorized
2026-01-17,CARD 1/17 STARBUCKS #1324 SAN JOSE CA REF 100324,$7.08,USD,Food
2026-02-18,DEBIT 2/18 NETFLIX.COM MONTHLY REF 100325,$8.00,USD,Luxuries
2026-03-19,ACH LANDLORD CORP RENT PAYMENT UNIT 4B REF 100326,$1460.00,USD,Rent
2026-04-20,CARD 4/20 SHELL OIL 1327 MOUNTAIN VIEW CA,$21.96,USD,Transport
2026-05-21,ONLINE WATER UTILITY AUTOPAY ACCT 100328,$66.36,USD,Utilities
2026-06-22,CARD 6/22 CVS PHARMACY 1329 PALO ALTO CA,$60.45,USD,Healthcare
2026-07-23,CARD 7/23 TARGET T-1330 SUNNYVALE CA,$15.00,USD,Misc
2026-08-24,POS 8/24 DOORDASH ORDER 100331 9:37,$41.69,USD,Food
2026-09-25,ACH PGANDE ELECTRIC BILL ACCT 100332,$57.72,USD,Utilities
2026-10-26,CARD 10/26 UBER TRIP HELP.UBER.COM REF 100333,$22.84,USD,Transport
2026-11-27,CARD 11/27 WHOLE FOODS MARKET 1334 CUPERTINO CA,$111.76,USD,Food
2026-12-28,POS 12/28 UNKNOWN MERCHANT ONLINE REF 100335,$9.60,USD,Uncategorized
2026-01-01,CARD 1/1 STARBUCKS #1336 SAN JOSE CA REF 100336,$16.32,USD,Food
2026-02-02,DEBIT 2/2 NETFLIX.COM MONTHLY REF 100337,$18.92,USD,Luxuries
2026-03-03,ACH LANDLORD CORP RENT PAYMENT UNIT 4B REF 100338,$1120.00,USD,Rent
2026-04-04,CARD 4/4 SHELL OIL 1339 MOUNTAIN VIEW CA,$31.92,USD,Transport
2026-05-05,ONLINE WATER UTILITY AUTOPAY ACCT 100340,$79.80,USD,Utilities
2026-06-06,CARD 6/6 CVS PHARMACY 1341 PALO ALTO CA,$73.05,USD,Healthcare
2026-07-07,CARD 7/7 TARGET T-1342 SUNNYVALE CA,$28.08,USD,Misc
2026-08-08,POS 8/8 DOORDASH ORDER 100343 21:1,$53.57,USD,Food
2026-09-09,ACH PGANDE ELECTRIC BILL ACCT 100344,$73.44,USD,Utilities
2026-10-10,CARD 10/10 UBER TRIP HELP.UBER.COM REF 100345,$33.40,USD,Transport
2026-11-11,CARD 11/11 WHOLE FOODS MARKET 1346 CUPERTINO CA,$126.64,USD,Food
2026-12-12,POS 12/12 UNKNOWN MERCHANT ONLINE REF 100347,$20.64,USD,Uncategorized
2026-01-13,CARD 1/13 STARBUCKS #1348 SAN JOSE CA REF 100348,$25.56,USD,Food
2026-02-14,DEBIT 2/14 NETFLIX.COM MONTHLY REF 100349,$29.84,USD,Luxuries
2026-03-15,ACH LANDLORD CORP RENT PAYMENT UNIT 4B REF 100350,$1460.00,USD,Rent
2026-04-16,CARD 4/16 SHELL OIL 1351 MOUNTAIN VIEW CA,$41.88,USD,Transport
2026-05-17,ONLINE WATER UTILITY AUTOPAY ACCT 100352,$93.24,USD,Utilities
2026-06-18,CARD 6/18 CVS PHARMACY 1353 PALO ALTO CA,$12.15,USD,Healthcare
2026-07-19,CARD 7/19 TARGET T-1354 SUNNYVALE CA,$41.16,USD,Misc
2026-08-20,POS 8/20 DOORDASH ORDER 100355 9:25,$15.95,USD,Food
2026-09-21,ACH PGANDE ELECTRIC BILL ACCT 100356,$89.16,USD,Utilities
2026-10-22,CARD 10/22 UBER TRIP HELP.UBER.COM REF 100357,$13.16,USD,Transport
2026-11-23,CARD 11/23 WHOLE FOODS MARKET 1358 CUPERTINO CA,$141.52,USD,Food
2026-12-24,POS 12/24 UNKNOWN MERCHANT ONLINE REF 100359,$31.68,USD,Uncategorized
2026-01-25,CARD 1/25 STARBUCKS #1360 SAN JOSE CA REF 100360,$4.00,USD,Food
2026-02-26,DEBIT 2/26 NETFLIX.COM MONTHLY REF 100361,$18.01,USD,Luxuries
2026-03-27,ACH LANDLORD CORP RENT PAYMENT UNIT 4B REF 100362,$1120.00,USD,Rent
2026-04-28,CARD 4/28 SHELL OIL 1363 MOUNTAIN VIEW CA,$14.49,USD,Transport
2026-05-01,ONLINE WATER UTILITY AUTOPAY ACCT 100364,$39.48,USD,Utilities
2026-06-02,CARD 6/2 CVS PHARMACY 1365 PALO ALTO CA,$24.75,USD,Healthcare
2026-07-03,CARD 7/3 TARGET T-1366 SUNNYVALE CA,$54.24,USD,Misc
2026-08-04,POS 8/4 DOORDASH ORDER 100367 21:49,$27.83,USD,Food
2026-09-05,ACH PGANDE ELECTRIC BILL ACCT 100368,$104.88,USD,Utilities
2026-10-06,CARD 10/6 UBER TRIP HELP.UBER.COM REF 100369,$23.72,USD,Transport
2026-11-07,CARD 11/7 WHOLE FOODS MARKET 1370 CUPERTINO CA,$156.40,USD,Food
2026-12-08,POS 12/8 UNKNOWN MERCHANT ONLINE REF 100371,$42.72,USD,Uncategorized
2026-01-09,CARD 1/9 STARBUCKS #1372 SAN JOSE CA REF 100372,$13.24,USD,Food
2026-02-10,DEBIT 2/10 NETFLIX.COM MONTHLY REF 100373,$28.93,USD,Luxuries
2026-03-11,ACH LANDLORD CORP RENT PAYMENT UNIT 4B REF 100374,$1460.00,USD,Rent
2026-04-12,CARD 4/12 SHELL OIL 1375 MOUNTAIN VIEW CA,$24.45,USD,Transport
2026-05-13,ONLINE WATER UTILITY AUTOPAY ACCT 100376,$52.92,USD,Utilities
2026-06-14,CARD 6/14 CVS PHARMACY 1377 PALO ALTO CA,$37.35,USD,Healthcare
2026-07-15,CARD 7/15 TARGET T-1378 SUNNYVALE CA,$67.32,USD,Misc
2026-08-16,POS 8/16 DOORDASH ORDER 100379 9:13,$39.71,USD,Food
2026-09-17,ACH PGANDE ELECTRIC BILL ACCT 100380,$120.60,USD,Utilities
2026-10-18,CARD 10/18 UBER TRIP HELP.UBER.COM REF 100381,$34.28,USD,Transport
2026-11-19,CARD 11/19 WHOLE FOODS MARKET 1382 CUPERTINO CA,$171.28,USD,Food
2026-12-20,POS 12/20 UNKNOWN MERCHANT ONLINE REF 100383,$53.76,USD,Uncategorized
2026-01-21,CARD 1/21 STARBUCKS #1384 SAN JOSE CA REF 100384,$22.48,USD,Food
2026-02-22,DEBIT 2/22 NETFLIX.COM MONTHLY REF 100385,$17.10,USD,Luxuries
2026-03-23,ACH LANDLORD CORP RENT PAYMENT UNIT 4B REF 100386,$1120.00,USD,Rent
2026-04-24,CARD 4/24 SHELL OIL 1387 MOUNTAIN VIEW CA,$34.41,USD,Transport
2026-05-25,ONLINE WATER UTILITY AUTOPAY ACCT 100388,$66.36,USD,Utilities
2026-06-26,CARD 6/26 CVS PHARMACY 1389 PALO ALTO CA,$49.95,USD,Healthcare
2026-07-27,CARD 7/27 TARGET T-1390 SUNNYVALE CA,$80.40,USD,Misc
2026-08-28,POS 8/28 DOORDASH ORDER 100391 21:37,$51.59,USD,Food
2026-09-01,ACH PGANDE ELECTRIC BILL ACCT 100392,$136.32,USD,Utilities
2026-10-02,CARD 10/2 UBER TRIP HELP.UBER.COM REF 100393,$14.04,USD,Transport
2026-11-03,CARD 11/3 WHOLE FOODS MARKET 1394 CUPERTINO CA,$24.96,USD,Food
2026-12-04,POS 12/4 UNKNOWN MERCHANT ONLINE REF 100395,$14.20,USD,Uncategorized
2026-01-05,CARD 1/5 STARBUCKS #1396 SAN JOSE CA REF 100396,$31.72,USD,Food
2026-02-06,DEBIT 2/6 NETFLIX.COM MONTHLY REF 100397,$28.02,USD,Luxuries
2026-03-07,ACH LANDLORD CORP RENT PAYMENT UNIT 4B REF 100398,$1460.00,USD,Rent
2026-04-08,CARD 4/8 SHELL OIL 1399 MOUNTAIN VIEW CA,$44.37,USD,Transport
2026-05-09,ONLINE WATER UTILITY AUTOPAY ACCT 100400,$79.80,USD,Utilities
2026-06-10,CARD 6/10 CVS PHARMACY 1401 PALO ALTO CA,$62.55,USD,Healthcare
2026-07-11,CARD 7/11 TARGET T-1402 SUNNYVALE CA,$93.48,USD,Misc
2026-08-12,POS 8/12 DOORDASH ORDER 100403 9:1,$13.97,USD,Food
2026-09-13,ACH PGANDE ELECTRIC BILL ACCT 100404,$47.24,USD,Utilities
2026-10-14,CARD 10/14 UBER TRIP HELP.UBER.COM REF 100405,$24.60,USD,Transport
2026-11-15,CARD 11/15 WHOLE FOODS MARKET 1406 CUPERTINO CA,$39.84,USD,Food
2026-12-16,POS 12/16 UNKNOWN MERCHANT ONLINE REF 100407,$25.24,USD,Uncategorized
2026-01-17,CARD 1/17 STARBUCKS #1408 SAN JOSE CA REF 100408,$10.16,USD,Food
2026-02-18,DEBIT 2/18 NETFLIX.COM MONTHLY REF 100409,$16.19,USD,Luxuries
2026-03-19,ACH LANDLORD CORP RENT PAYMENT UNIT 4B REF 100410,$1120.00,USD,Rent
2026-04-20,CARD 4/20 SHELL OIL 1411 MOUNTAIN VIEW CA,$16.98,USD,Transport
2026-05-21,ONLINE WATER UTILITY AUTOPAY ACCT 100412,$93.24,USD,Utilities
2026-06-22,CARD 6/22 CVS PHARMACY 1413 PALO ALTO CA,$75.15,USD,Healthcare
2026-07-23,CARD 7/23 TARGET T-1414 SUNNYVALE CA,$106.56,USD,Misc
2026-08-24,POS 8/24 DOORDASH ORDER 100415 21:25,$25.85,USD,Food
2026-09-25,ACH PGANDE ELECTRIC BILL ACCT 100416,$62.96,USD,Utilities
2026-10-26,CARD 10/26 UBER TRIP HELP.UBER.COM REF 100417,$35.16,USD,Transport
2026-11-27,CARD 11/27 WHOLE FOODS MARKET 1418 CUPERTINO CA,$54.72,USD,Food
2026-12-28,POS 12/28 UNKNOWN MERCHANT ONLINE REF 100419,$36.28,USD,Uncategorized
2026-01-01,CARD 1/1 STARBUCKS #1420 SAN JOSE CA REF 100420,$19.40,USD,Food
2026-02-02,DEBIT 2/2 NETFLIX.COM MONTHLY REF 100421,$27.11,USD,Luxuries
2026-03-03,ACH LANDLORD CORP RENT PAYMENT UNIT 4B REF 100422,$1460.00,USD,Rent
2026-04-04,CARD 4/4 SHELL OIL 1423 MOUNTAIN VIEW CA,$26.94,USD,Transport
2026-05-05,ONLINE WATER UTILITY AUTOPAY ACCT 100424,$39.48,USD,Utilities
2026-06-06,CARD 6/6 CVS PHARMACY 1425 PALO ALTO CA,$14.25,USD,Healthcare
2026-07-07,CARD 7/7 TARGET T-1426 SUNNYVALE CA,$119.64,USD,Misc
2026-08-08,POS 8/8 DOORDASH ORDER 100427 9:49,$37.73,USD,Food
2026-09-09,ACH PGANDE ELECTRIC BILL ACCT 100428,$78.68,USD,Utilities
2026-10-10,CARD 10/10 UBER TRIP HELP.UBER.COM REF 100429,$14.92,USD,Transport
2026-11-11,CARD 11/11 WHOLE FOODS MARKET 1430 CUPERTINO CA,$69.60,USD,Food
2026-12-12,POS 12/12 UNKNOWN MERCHANT ONLINE REF 100431,$47.32,USD,Uncategorized
2026-01-13,CARD 1/13 STARBUCKS #1432 SAN JOSE CA REF 100432,$28.64,USD,Food
2026-02-14,DEBIT 2/14 NETFLIX.COM MONTHLY REF 100433,$15.28,USD,Luxuries
2026-03-15,ACH LANDLORD CORP RENT PAYMENT UNIT 4B REF 100434,$1120.00,USD,Rent
2026-04-16,CARD 4/16 SHELL OIL 1435 MOUNTAIN VIEW CA,$36.90,USD,Transport
2026-05-17,ONLINE WATER UTILITY AUTOPAY ACCT 100436,$52.92,USD,Utilities
2026-06-18,CARD 6/18 CVS PHARMACY 1437 PALO ALTO CA,$26.85,USD,Healthcare
2026-07-19,CARD 7/19 TARGET T-1438 SUNNYVALE CA,$132.72,USD,Misc
2026-08-20,POS 8/20 DOORDASH ORDER 100439 21:13,$49.61,USD,Food
2026-09-21,ACH PGANDE ELECTRIC BILL ACCT 100440,$94.40,USD,Utilities
2026-10-22,CARD 10/22 UBER TRIP HELP.UBER.COM REF 100441,$25.48,USD,Transport
2026-11-23,CARD 11/23 WHOLE FOODS MARKET 1442 CUPERTINO CA,$84.48,USD,Food
2026-12-24,POS 12/24 UNKNOWN MERCHANT ONLINE REF 100443,$7.76,USD,Uncategorized
2026-01-25,CARD 1/25 STARBUCKS #1444 SAN JOSE CA REF 100444,$7.08,USD,Food
2026-02-26,DEBIT 2/26 NETFLIX.COM MONTHLY REF 100445,$26.20,USD,Luxuries
2026-03-27,ACH LANDLORD CORP RENT PAYMENT UNIT 4B REF 100446,$1460.00,USD,Rent
2026-04-28,CARD 4/28 SHELL OIL 1447 MOUNTAIN VIEW CA,$46.86,USD,Transport
2026-05-01,ONLINE WATER UTILITY AUTOPAY ACCT 100448,$66.36,USD,Utilities
2026-06-02,CARD 6/2 CVS PHARMACY 1449 PALO ALTO CA,$39.45,USD,Healthcare
2026-07-03,CARD 7/3 TARGET T-1450 SUNNYVALE CA,$25.90,USD,Misc
2026-08-04,POS 8/4 DOORDASH ORDER 100451 9:37,$11.99,USD,Food
2026-09-05,ACH PGANDE ELECTRIC BILL ACCT 100452,$110.12,USD,Utilities
2026-10-06,CARD 10/6 UBER TRIP HELP.UBER.COM REF 100453,$36.04,USD,Transport
2026-11-07,CARD 11/7 WHOLE FOODS MARKET 1454 CUPERTINO CA,$99.36,USD,Food
2026-12-08,POS 12/8 UNKNOWN MERCHANT ONLINE REF 100455,$18.80,USD,Uncategorized
2026-01-09,CARD 1/9 STARBUCKS #1456 SAN JOSE CA REF 100456,$16.32,USD,Food
2026-02-10,DEBIT 2/10 NETFLIX.COM MONTHLY REF 100457,$14.37,USD,Luxuries
2026-03-11,ACH LANDLORD CORP RENT PAYMENT UNIT 4B REF 100458,$1120.00,USD,Rent
2026-04-12,CARD 4/12 SHELL OIL 1459 MOUNTAIN VIEW CA,$19.47,USD,Transport
2026-05-13,ONLINE WATER UTILITY AUTOPAY ACCT 100460,$79.80,USD,Utilities
2026-06-14,CARD 6/14 CVS PHARMACY 1461 PALO ALTO CA,$52.05,USD,Healthcare
2026-07-15,CARD 7/15 TARGET T-1462 SUNNYVALE CA,$38.98,USD,Misc
2026-08-16,POS 8/16 DOORDASH ORDER 100463 21:1,$23.87,USD,Food
2026-09-17,ACH PGANDE ELECTRIC BILL ACCT 100464,$125.84,USD,Utilities
2026-10-18,CARD 10/18 UBER TRIP HELP.UBER.COM REF 100465,$15.80,USD,Transport
2026-11-19,CARD 11/19 WHOLE FOODS MARKET 1466 CUPERTINO CA,$114.24,USD,Food
2026-12-20,POS 12/20 UNKNOWN MERCHANT ONLINE REF 100467,$29.84,USD,Uncategorized
2026-01-21,CARD 1/21 STARBUCKS #1468 SAN JOSE CA REF 100468,$25.56,USD,Food
2026-02-22,DEBIT 2/22 NETFLIX.COM MONTHLY REF 100469,$25.29,USD,Luxuries
2026-03-23,ACH LANDLORD CORP RENT PAYMENT UNIT 4B REF 100470,$1460.00,USD,Rent
2026-04-24,CARD 4/24 SHELL OIL 1471 MOUNTAIN VIEW CA,$29.43,USD,Transport
2026-05-25,ONLINE WATER UTILITY AUTOPAY ACCT 100472,$93.24,USD,Utilities
2026-06-26,CARD 6/26 CVS PHARMACY 1473 PALO ALTO CA,$64.65,USD,Healthcare
2026-07-27,CARD 7/27 TARGET T-1474 SUNNYVALE CA,$52.06,USD,Misc
2026-08-28,POS 8/28 DOORDASH ORDER 100475 9:25,$35.75,USD,Food
2026-09-01,ACH PGANDE ELECTRIC BILL ACCT 100476,$141.56,USD,Utilities
2026-10-02,CARD 10/2 UBER TRIP HELP.UBER.COM REF 100477,$26.36,USD,Transport
2026-11-03,CARD 11/3 WHOLE FOODS MARKET 1478 CUPERTINO CA,$129.12,USD,Food
2026-12-04,POS 12/4 UNKNOWN MERCHANT ONLINE REF 100479,$40.88,USD,Uncategorized
2026-01-05,CARD 1/5 STARBUCKS #1480 SAN JOSE CA REF 100480,$4.00,USD,Food
2026-02-06,DEBIT 2/6 NETFLIX.COM MONTHLY REF 100481,$13.46,USD,Luxuries
2026-03-07,ACH LANDLORD CORP RENT PAYMENT UNIT 4B REF 100482,$1120.00,USD,Rent
2026-04-08,CARD 4/8 SHELL OIL 1483 MOUNTAIN VIEW CA,$39.39,USD,Transport
2026-05-09,ONLINE WATER UTILITY AUTOPAY ACCT 100484,$39.48,USD,Utilities
2026-06-10,CARD 6/10 CVS PHARMACY 1485 PALO ALTO CA,$77.25,USD,Healthcare
2026-07-11,CARD 7/11 TARGET T-1486 SUNNYVALE CA,$65.14,USD,Misc
2026-08-12,POS 8/12 DOORDASH ORDER 100487 21:49,$47.63,USD,Food
2026-09-13,ACH PGANDE ELECTRIC BILL ACCT 100488,$52.48,USD,Utilities
2026-10-14,CARD 10/14 UBER TRIP HELP.UBER.COM REF 100489,$36.92,USD,Transport
2026-11-15,CARD 11/15 WHOLE FOODS MARKET 1490 CUPERTINO CA,$144.00,USD,Food
2026-12-16,POS 12/16 UNKNOWN MERCHANT ONLINE REF 100491,$51.92,USD,Uncategorized
2026-01-17,CARD 1/17 STARBUCKS #1492 SAN JOSE CA REF 100492,$13.24,USD,Food
2026-02-18,DEBIT 2/18 NETFLIX.COM MONTHLY REF 100493,$24.38,USD,Luxuries
2026-03-19,ACH LANDLORD CORP RENT PAYMENT UNIT 4B REF 100494,$1460.00,USD,Rent
2026-04-20,CARD 4/20 SHELL OIL 1495 MOUNTAIN VIEW CA,$12.00,USD,Transport
2026-05-21,ONLINE WATER UTILITY AUTOPAY ACCT 100496,$52.92,USD,Utilities
2026-06-22,CARD 6/22 CVS PHARMACY 1497 PALO ALTO CA,$16.35,USD,Healthcare
2026-07-23,CARD 7/23 TARGET T-1498 SUNNYVALE CA,$78.22,USD,Misc
2026-08-24,POS 8/24 DOORDASH ORDER 100499 9:13,$59.51,USD,Food
2026-09-25,ACH PGANDE ELECTRIC BILL ACCT 100500,$68.20,USD,Utilities
2026-10-26,CARD 10/26 UBER TRIP HELP.UBER.COM REF 100501,$16.68,USD,Transport
2026-11-27,CARD 11/27 WHOLE FOODS MARKET 1502 CUPERTINO CA,$158.88,USD,Food
2026-12-28,POS 12/28 UNKNOWN MERCHANT ONLINE REF 100503,$12.36,USD,Uncategorized
2026-01-01,CARD 1/1 STARBUCKS #1504 SAN JOSE CA REF 100504,$22.48,USD,Food
2026-02-02,DEBIT 2/2 NETFLIX.COM MONTHLY REF 100505,$12.55,USD,Luxuries
2026-03-03,ACH LANDLORD CORP RENT PAYMENT UNIT 4B REF 100506,$1120.00,USD,Rent
2026-04-04,CARD 4/4 SHELL OIL 1507 MOUNTAIN VIEW CA,$21.96,USD,Transport
2026-05-05,ONLINE WATER UTILITY AUTOPAY ACCT 100508,$66.36,USD,Utilities
2026-06-06,CARD 6/6 CVS PHARMACY 1509 PALO ALTO CA,$28.95,USD,Healthcare
2026-07-07,CARD 7/7 TARGET T-1510 SUNNYVALE CA,$91.30,USD,Misc
2026-08-08,POS 8/8 DOORDASH ORDER 100511 21:37,$21.89,USD,Food
2026-09-09,ACH PGANDE ELECTRIC BILL ACCT 100512,$83.92,USD,Utilities
2026-10-10,CARD 10/10 UBER TRIP HELP.UBER.COM REF 100513,$27.24,USD,Transport
2026-11-11,CARD 11/11 WHOLE FOODS MARKET 1514 CUPERTINO CA,$173.76,USD,Food
2026-12-12,POS 12/12 UNKNOWN MERCHANT ONLINE REF 100515,$23.40,USD,Uncategorized
2026-01-13,CARD 1/13 STARBUCKS #1516 SAN JOSE CA REF 100516,$31.72,USD,Food
2026-02-14,DEBIT 2/14 NETFLIX.COM MONTHLY REF 100517,$23.47,USD,Luxuries
2026-03-15,ACH LANDLORD CORP RENT PAYMENT UNIT 4B REF 100518,$1460.00,USD,Rent
2026-04-16,CARD 4/16 SHELL OIL 1519 MOUNTAIN VIEW CA,$31.92,USD,Transport
2026-05-17,ONLINE WATER UTILITY AUTOPAY ACCT 100520,$79.80,USD,Utilities
2026-06-18,CARD 6/18 CVS PHARMACY 1521 PALO ALTO CA,$41.55,USD,Healthcare
2026-07-19,CARD 7/19 TARGET T-1522 SUNNYVALE CA,$104.38,USD,Misc
2026-08-20,POS 8/20 DOORDASH ORDER 100523 9:1,$33.77,USD,Food
2026-09-21,ACH PGANDE ELECTRIC BILL ACCT 100524,$99.64,USD,Utilities
2026-10-22,CARD 10/22 UBER TRIP HELP.UBER.COM REF 100525,$7.00,USD,Transport
2026-11-23,CARD 11/23 WHOLE FOODS MARKET 1526 CUPERTINO CA,$27.44,USD,Food
2026-12-24,POS 12/24 UNKNOWN MERCHANT ONLINE REF 100527,$34.44,USD,Uncategorized
2026-01-25,CARD 1/25 STARBUCKS #1528 SAN JOSE CA REF 100528,$10.16,USD,Food
2026-02-26,DEBIT 2/26 NETFLIX.COM MONTHLY REF 100529,$11.64,USD,Luxuries
2026-03-27,ACH LANDLORD CORP RENT PAYMENT UNIT 4B REF 100530,$1120.00,USD,Rent
2026-04-28,CARD 4/28 SHELL OIL 1531 MOUNTAIN VIEW CA,$41.88,USD,Transport
2026-05-01,ONLINE WATER UTILITY AUTOPAY ACCT 100532,$93.24,USD,Utilities
2026-06-02,CARD 6/2 CVS PHARMACY 1533 PALO ALTO CA,$54.15,USD,Healthcare
2026-07-03,CARD 7/3 TARGET T-1534 SUNNYVALE CA,$117.46,USD,Misc
2026-08-04,POS 8/4 DOORDASH ORDER 100535 21:25,$45.65,USD,Food
2026-09-05,ACH PGANDE ELECTRIC BILL ACCT 100536,$115.36,USD,Utilities
2026-10-06,CARD 10/6 UBER TRIP HELP.UBER.COM REF 100537,$17.56,USD,Transport
2026-11-07,CARD 11/7 WHOLE FOODS MARKET 1538 CUPERTINO CA,$42.32,USD,Food
2026-12-08,POS 12/8 UNKNOWN MERCHANT ONLINE REF 100539,$45.48,USD,Uncategorized
2026-01-09,CARD 1/9 STARBUCKS #1540 SAN JOSE CA REF 100540,$19.40,USD,Food
2026-02-10,DEBIT 2/10 NETFLIX.COM MONTHLY REF 100541,$22.56,USD,Luxuries
2026-03-11,ACH LANDLORD CORP RENT PAYMENT UNIT 4B REF 100542,$1460.00,USD,Rent
2026-04-12,CARD 4/12 SHELL OIL 1543 MOUNTAIN VIEW CA,$14.49,USD,Transport
2026-05-13,ONLINE WATER UTILITY AUTOPAY ACCT 100544,$39.48,USD,Utilities
2026-06-14,CARD 6/14 CVS PHARMACY 1545 PALO ALTO CA,$66.75,USD,Healthcare
2026-07-15,CARD 7/15 TARGET T-1546 SUNNYVALE CA,$130.54,USD,Misc
2026-08-16,POS 8/16 DOORDASH ORDER 100547 9:49,$57.53,USD,Food
2026-09-17,ACH PGANDE ELECTRIC BILL ACCT 100548,$131.08,USD,Utilities
2026-10-18,CARD 10/18 UBER TRIP HELP.UBER.COM REF 100549,$28.12,USD,Transport
2026-11-19,CARD 11/19 WHOLE FOODS MARKET 1550 CUPERTINO CA,$57.20,USD,Food
2026-12-20,POS 12/20 UNKNOWN MERCHANT ONLINE REF 100551,$5.92,USD,Uncategorized
2026-01-21,CARD 1/21 STARBUCKS #1552 SAN JOSE CA REF 100552,$28.64,USD,Food
2026-02-22,DEBIT 2/22 NETFLIX.COM MONTHLY REF 100553,$10.73,USD,Luxuries
2026-03-23,ACH LANDLORD CORP RENT PAYMENT UNIT 4B REF 100554,$1120.00,USD,Rent
2026-04-24,CARD 4/24 SHELL OIL 1555 MOUNTAIN VIEW CA,$24.45,USD,Transport
2026-05-25,ONLINE WATER UTILITY AUTOPAY ACCT 100556,$52.92,USD,Utilities
2026-06-26,CARD 6/26 CVS PHARMACY 1557 PALO ALTO CA,$79.35,USD,Healthcare
2026-07-27,CARD 7/27 TARGET T-1558 SUNNYVALE CA,$23.72,USD,Misc
2026-08-28,POS 8/28 DOORDASH ORDER 100559 21:13,$19.91,USD,Food
2026-09-01,ACH PGANDE ELECTRIC BILL ACCT 100560,$42.00,USD,Utilities
2026-10-02,CARD 10/2 UBER TRIP HELP.UBER.COM REF 100561,$7.88,USD,Transport
2026-11-03,CARD 11/3 WHOLE FOODS MARKET 1562 CUPERTINO CA,$72.08,USD,Food
2026-12-04,POS 12/4 UNKNOWN MERCHANT ONLINE REF 100563,$16.96,USD,Uncategorized
2026-01-05,CARD 1/5 STARBUCKS #1564 SAN JOSE CA REF 100564,$7.08,USD,Food
2026-02-06,DEBIT 2/6 NETFLIX.COM MONTHLY REF 100565,$21.65,USD,Luxuries
2026-03-07,ACH LANDLORD CORP RENT PAYMENT UNIT 4B REF 100566,$1460.00,USD,Rent
2026-04-08,CARD 4/8 SHELL OIL 1567 MOUNTAIN VIEW CA,$34.41,USD,Transport
2026-05-09,ONLINE WATER UTILITY AUTOPAY ACCT 100568,$66.36,USD,Utilities
2026-06-10,CARD 6/10 CVS PHARMACY 1569 PALO ALTO CA,$18.45,USD,Healthcare
2026-07-11,CARD 7/11 TARGET T-1570 SUNNYVALE CA,$36.80,USD,Misc
2026-08-12,POS 8/12 DOORDASH ORDER 100571 9:37,$31.79,USD,Food
2026-09-13,ACH PGANDE ELECTRIC BILL ACCT 100572,$57.72,USD,Utilities
2026-10-14,CARD 10/14 UBER TRIP HELP.UBER.COM REF 100573,$18.44,USD,Transport
2026-11-15,CARD 11/15 WHOLE FOODS MARKET 1574 CUPERTINO CA,$86.96,USD,Food
2026-12-16,POS 12/16 UNKNOWN MERCHANT ONLINE REF 100575,$28.00,USD,Uncategorized
2026-01-17,CARD 1/17 STARBUCKS #1576 SAN JOSE CA REF 100576,$16.32,USD,Food
2026-02-18,DEBIT 2/18 NETFLIX.COM MONTHLY REF 100577,$9.82,USD,Luxuries
2026-03-19,ACH LANDLORD CORP RENT PAYMENT UNIT 4B REF 100578,$1120.00,USD,Rent
2026-04-20,CARD 4/20 SHELL OIL 1579 MOUNTAIN VIEW CA,$44.37,USD,Transport
2026-05-21,ONLINE WATER UTILITY AUTOPAY ACCT 100580,$79.80,USD,Utilities
2026-06-22,CARD 6/22 CVS PHARMACY 1581 PALO ALTO CA,$31.05,USD,Healthcare
2026-07-23,CARD 7/23 TARGET T-1582 SUNNYVALE CA,$49.88,USD,Misc
2026-08-24,POS 8/24 DOORDASH ORDER 100583 21:1,$43.67,USD,Food
2026-09-25,ACH PGANDE ELECTRIC BILL ACCT 100584,$73.44,USD,Utilities
2026-10-26,CARD 10/26 UBER TRIP HELP.UBER.COM REF 100585,$29.00,USD,Transport
2026-11-27,CARD 11/27 WHOLE FOODS MARKET 1586 CUPERTINO CA,$101.84,USD,Food
2026-12-28,POS 12/28 UNKNOWN MERCHANT ONLINE REF 100587,$39.04,USD,Uncategorized
2026-01-01,CARD 1/1 STARBUCKS #1588 SAN JOSE CA REF 100588,$25.56,USD,Food
2026-02-02,DEBIT 2/2 NETFLIX.COM MONTHLY REF 100589,$20.74,USD,Luxuries
2026-03-03,ACH LANDLORD CORP RENT PAYMENT UNIT 4B REF 100590,$1460.00,USD,Rent
2026-04-04,CARD 4/4 SHELL OIL 1591 MOUNTAIN VIEW CA,$16.98,USD,Transport
2026-05-05,ONLINE WATER UTILITY AUTOPAY ACCT 100592,$93.24,USD,Utilities
2026-06-06,CARD 6/6 CVS PHARMACY 1593 PALO ALTO CA,$43.65,USD,Healthcare
2026-07-07,CARD 7/7 TARGET T-1594 SUNNYVALE CA,$62.96,USD,Misc
2026-08-08,POS 8/8 DOORDASH ORDER 100595 9:25,$55.55,USD,Food
2026-09-09,ACH PGANDE ELECTRIC BILL ACCT 100596,$89.16,USD,Utilities
2026-10-10,CARD 10/10 UBER TRIP HELP.UBER.COM REF 100597,$8.76,USD,Transport
2026-11-11,CARD 11/11 WHOLE FOODS MARKET 1598 CUPERTINO CA,$116.72,USD,Food
2026-12-12,POS 12/12 UNKNOWN MERCHANT ONLINE REF 100599,$50.08,USD,Uncategorized
2026-01-13,CARD 1/13 STARBUCKS #1600 SAN JOSE CA REF 100600,$4.00,USD,Food
2026-02-14,DEBIT 2/14 NETFLIX.COM MONTHLY REF 100601,$8.91,USD,Luxuries
2026-03-15,ACH LANDLORD CORP RENT PAYMENT UNIT 4B REF 100602,$1120.00,USD,Rent
2026-04-16,CARD 4/16 SHELL OIL 1603 MOUNTAIN VIEW CA,$26.94,USD,Transport
2026-05-17,ONLINE WATER UTILITY AUTOPAY ACCT 100604,$39.48,USD,Utilities
2026-06-18,CARD 6/18 CVS PHARMACY 1605 PALO ALTO CA,$56.25,USD,Healthcare
2026-07-19,CARD 7/19 TARGET T-1606 SUNNYVALE CA,$76.04,USD,Misc
2026-08-20,POS 8/20 DOORDASH ORDER 100607 21:49,$17.93,USD,Food
2026-09-21,ACH PGANDE ELECTRIC BILL ACCT 100608,$104.88,USD,Utilities
2026-10-22,CARD 10/22 UBER TRIP HELP.UBER.COM REF 100609,$19.32,USD,Transport
2026-11-23,CARD 11/23 WHOLE FOODS MARKET 1610 CUPERTINO CA,$131.60,USD,Food
2026-12-24,POS 12/24 UNKNOWN MERCHANT ONLINE REF 100611,$10.52,USD,Uncategorized
2026-01-25,CARD 1/25 STARBUCKS #1612 SAN JOSE CA REF 100612,$13.24,USD,Food
2026-02-26,DEBIT 2/26 NETFLIX.COM MONTHLY REF 100613,$19.83,USD,Luxuries
2026-03-27,ACH LANDLORD CORP RENT PAYMENT UNIT 4B REF 100614,$1460.00,USD,Rent
2026-04-28,CARD 4/28 SHELL OIL 1615 MOUNTAIN VIEW CA,$36.90,USD,Transport
2026-05-01,ONLINE WATER UTILITY AUTOPAY ACCT 100616,$52.92,USD,Utilities
2026-06-02,CARD 6/2 CVS PHARMACY 1617 PALO ALTO CA,$68.85,USD,Healthcare
2026-07-03,CARD 7/3 TARGET T-1618 SUNNYVALE CA,$89.12,USD,Misc
2026-08-04,POS 8/4 DOORDASH ORDER 100619 9:13,$29.81,USD,Food
2026-09-05,ACH PGANDE ELECTRIC BILL ACCT 100620,$120.60,USD,Utilities
2026-10-06,CARD 10/6 UBER TRIP HELP.UBER.COM REF 100621,$29.88,USD,Transport
2026-11-07,CARD 11/7 WHOLE FOODS MARKET 1622 CUPERTINO CA,$146.48,USD,Food
2026-12-08,POS 12/8 UNKNOWN MERCHANT ONLINE REF 100623,$21.56,USD,Uncategorized
2026-01-09,CARD 1/9 STARBUCKS #1624 SAN JOSE CA REF 100624,$22.48,USD,Food
2026-02-10,DEBIT 2/10 NETFLIX.COM MONTHLY REF 100625,$8.00,USD,Luxuries
2026-03-11,ACH LANDLORD CORP RENT PAYMENT UNIT 4B REF 100626,$1120.00,USD,Rent
2026-04-12,CARD 4/12 SHELL OIL 1627 MOUNTAIN VIEW CA,$46.86,USD,Transport
2026-05-13,ONLINE WATER UTILITY AUTOPAY ACCT 100628,$66.36,USD,Utilities
2026-06-14,CARD 6/14 CVS PHARMACY 1629 PALO ALTO CA,$81.45,USD,Healthcare
2026-07-15,CARD 7/15 TARGET T-1630 SUNNYVALE CA,$102.20,USD,Misc
2026-08-16,POS 8/16 DOORDASH ORDER 100631 21:37,$41.69,USD,Food
2026-09-17,ACH PGANDE ELECTRIC BILL ACCT 100632,$136.32,USD,Utilities
2026-10-18,CARD 10/18 UBER TRIP HELP.UBER.COM REF 100633,$9.64,USD,Transport
2026-11-19,CARD 11/19 WHOLE FOODS MARKET 1634 CUPERTINO CA,$161.36,USD,Food
2026-12-20,POS 12/20 UNKNOWN MERCHANT ONLINE REF 100635,$32.60,USD,Uncategorized
2026-01-21,CARD 1/21 STARBUCKS #1636 SAN JOSE CA REF 100636,$31.72,USD,Food
2026-02-22,DEBIT 2/22 NETFLIX.COM MONTHLY REF 100637,$18.92,USD,Luxuries
2026-03-23,ACH LANDLORD CORP RENT PAYMENT UNIT 4B REF 100638,$1460.00,USD,Rent
2026-04-24,CARD 4/24 SHELL OIL 1639 MOUNTAIN VIEW CA,$19.47,USD,Transport
2026-05-25,ONLINE WATER UTILITY AUTOPAY ACCT 100640,$79.80,USD,Utilities
2026-06-26,CARD 6/26 CVS PHARMACY 1641 PALO ALTO CA,$20.55,USD,Healthcare
2026-07-27,CARD 7/27 TARGET T-1642 SUNNYVALE CA,$115.28,USD,Misc
2026-08-28,POS 8/28 DOORDASH ORDER 100643 9:1,$53.57,USD,Food
2026-09-01,ACH PGANDE ELECTRIC BILL ACCT 100644,$47.24,USD,Utilities
2026-10-02,CARD 10/2 UBER TRIP HELP.UBER.COM REF 100645,$20.20,USD,Transport
2026-11-03,CARD 11/3 WHOLE FOODS MARKET 1646 CUPERTINO CA,$176.24,USD,Food
2026-12-04,POS 12/4 UNKNOWN MERCHANT ONLINE REF 100647,$43.64,USD,Uncategorized
2026-01-05,CARD 1/5 STARBUCKS #1648 SAN JOSE CA REF 100648,$10.16,USD,Food
2026-02-06,DEBIT 2/6 NETFLIX.COM MONTHLY REF 100649,$29.84,USD,Luxuries
2026-03-07,ACH LANDLORD CORP RENT PAYMENT UNIT 4B REF 100650,$1120.00,USD,Rent
2026-04-08,CARD 4/8 SHELL OIL 1651 MOUNTAIN VIEW CA,$29.43,USD,Transport
2026-05-09,ONLINE WATER UTILITY AUTOPAY ACCT 100652,$93.24,USD,Utilities
2026-06-10,CARD 6/10 CVS PHARMACY 1653 PALO ALTO CA,$33.15,USD,Healthcare
2026-07-11,CARD 7/11 TARGET T-1654 SUNNYVALE CA,$128.36,USD,Misc
2026-08-12,POS 8/12 DOORDASH ORDER 100655 21:25,$15.95,USD,Food
2026-09-13,ACH PGANDE ELECTRIC BILL ACCT 100656,$62.96,USD,Utilities
2026-10-14,CARD 10/14 UBER TRIP HELP.UBER.COM REF 100657,$30.76,USD,Transport
2026-11-15,CARD 11/15 WHOLE FOODS MARKET 1658 CUPERTINO CA,$29.92,USD,Food
2026-12-16,POS 12/16 UNKNOWN MERCHANT ONLINE REF 100659,$54.68,USD,Uncategorized
2026-01-17,CARD 1/17 STARBUCKS #1660 SAN JOSE CA REF 100660,$19.40,USD,Food
2026-02-18,DEBIT 2/18 NETFLIX.COM MONTHLY REF 100661,$18.01,USD,Luxuries
2026-03-19,ACH LANDLORD CORP RENT PAYMENT UNIT 4B REF 100662,$1460.00,USD,Rent
2026-04-20,CARD 4/20 SHELL OIL 1663 MOUNTAIN VIEW CA,$39.39,USD,Transport
2026-05-21,ONLINE WATER UTILITY AUTOPAY ACCT 100664,$39.48,USD,Utilities
2026-06-22,CARD 6/22 CVS PHARMACY 1665 PALO ALTO CA,$45.75,USD,Healthcare
2026-07-23,CARD 7/23 TARGET T-1666 SUNNYVALE CA,$21.54,USD,Misc
2026-08-24,POS 8/24 DOORDASH ORDER 100667 9:49,$27.83,USD,Food
2026-09-25,ACH PGANDE ELECTRIC BILL ACCT 100668,$78.68,USD,Utilities
2026-10-26,CARD 10/26 UBER TRIP HELP.UBER.COM REF 100669,$10.52,USD,Transport
2026-11-27,CARD 11/27 WHOLE FOODS MARKET 1670 CUPERTINO CA,$44.80,USD,Food
2026-12-28,POS 12/28 UNKNOWN MERCHANT ONLINE REF 100671,$15.12,USD,Uncategorized
2026-01-01,CARD 1/1 STARBUCKS #1672 SAN JOSE CA REF 100672,$28.64,USD,Food
2026-02-02,DEBIT 2/2 NETFLIX.COM MONTHLY REF 100673,$28.93,USD,Luxuries
2026-03-03,ACH LANDLORD CORP RENT PAYMENT UNIT 4B REF 100674,$1120.00,USD,Rent
2026-04-04,CARD 4/4 SHELL OIL 1675 MOUNTAIN VIEW CA,$12.00,USD,Transport
2026-05-05,ONLINE WATER UTILITY AUTOPAY ACCT 100676,$52.92,USD,Utilities
2026-06-06,CARD 6/6 CVS PHARMACY 1677 PALO ALTO CA,$58.35,USD,Healthcare
2026-07-07,CARD 7/7 TARGET T-1678 SUNNYVALE CA,$34.62,USD,Misc
2026-08-08,POS 8/8 DOORDASH ORDER 100679 21:13,$39.71,USD,Food
2026-09-09,ACH PGANDE ELECTRIC BILL ACCT 100680,$94.40,USD,Utilities
2026-10-10,CARD 10/10 UBER TRIP HELP.UBER.COM REF 100681,$21.08,USD,Transport
2026-11-11,CARD 11/11 WHOLE FOODS MARKET 1682 CUPERTINO CA,$59.68,USD,Food
2026-12-12,POS 12/12 UNKNOWN MERCHANT ONLINE REF 100683,$26.16,USD,Uncategorized
2026-01-13,CARD 1/13 STARBUCKS #1684 SAN JOSE CA REF 100684,$7.08,USD,Food
2026-02-14,DEBIT 2/14 NETFLIX.COM MONTHLY REF 100685,$17.10,USD,Luxuries
2026-03-15,ACH LANDLORD CORP RENT PAYMENT UNIT 4B REF 100686,$1460.00,USD,Rent
2026-04-16,CARD 4/16 SHELL OIL 1687 MOUNTAIN VIEW CA,$21.96,USD,Transport
2026-05-17,ONLINE WATER UTILITY AUTOPAY ACCT 100688,$66.36,USD,Utilities
2026-06-18,CARD 6/18 CVS PHARMACY 1689 PALO ALTO CA,$70.95,USD,Healthcare
2026-07-19,CARD 7/19 TARGET T-1690 SUNNYVALE CA,$47.70,USD,Misc
2026-08-20,POS 8/20 DOORDASH ORDER 100691 9:37,$51.59,USD,Food
2026-09-21,ACH PGANDE ELECTRIC BILL ACCT 100692,$110.12,USD,Utilities
2026-10-22,CARD 10/22 UBER TRIP HELP.UBER.COM REF 100693,$31.64,USD,Transport
2026-11-23,CARD 11/23 WHOLE FOODS MARKET 1694 CUPERTINO CA,$74.56,USD,Food
2026-12-24,POS 12/24 UNKNOWN MERCHANT ONLINE REF 100695,$37.20,USD,Uncategorized
2026-01-25,CARD 1/25 STARBUCKS #1696 SAN JOSE CA REF 100696,$16.32,USD,Food
2026-02-26,DEBIT 2/26 NETFLIX.COM MONTHLY REF 100697,$28.02,USD,Luxuries
2026-03-27,ACH LANDLORD CORP RENT PAYMENT UNIT 4B REF 100698,$1120.00,USD,Rent
2026-04-28,CARD 4/28 SHELL OIL 1699 MOUNTAIN VIEW CA,$31.92,USD,Transport
2026-05-01,ONLINE WATER UTILITY AUTOPAY ACCT 100700,$79.80,USD,Utilities
2026-06-02,CARD 6/2 CVS PHARMACY 1701 PALO ALTO CA,$10.05,USD,Healthcare
2026-07-03,CARD 7/3 TARGET T-1702 SUNNYVALE CA,$60.78,USD,Misc
2026-08-04,POS 8/4 DOORDASH ORDER 100703 21:1,$13.97,USD,Food
2026-09-05,ACH PGANDE ELECTRIC BILL ACCT 100704,$125.84,USD,Utilities
2026-10-06,CARD 10/6 UBER TRIP HELP.UBER.COM REF 100705,$11.40,USD,Transport
2026-11-07,CARD 11/7 WHOLE FOODS MARKET 1706 CUPERTINO CA,$89.44,USD,Food
2026-12-08,POS 12/8 UNKNOWN MERCHANT ONLINE REF 100707,$48.24,USD,Uncategorized
2026-01-09,CARD 1/9 STARBUCKS #1708 SAN JOSE CA REF 100708,$25.56,USD,Food
2026-02-10,DEBIT 2/10 NETFLIX.COM MONTHLY REF 100709,$16.19,USD,Luxuries
2026-03-11,ACH LANDLORD CORP RENT PAYMENT UNIT 4B REF 100710,$1460.00,USD,Rent
2026-04-12,CARD 4/12 SHELL OIL 1711 MOUNTAIN VIEW CA,$41.88,USD,Transport
2026-05-13,ONLINE WATER UTILITY AUTOPAY ACCT 100712,$93.24,USD,Utilities
2026-06-14,CARD 6/14 CVS PHARMACY 1713 PALO ALTO CA,$22.65,USD,Healthcare
2026-07-15,CARD 7/15 TARGET T-1714 SUNNYVALE CA,$73.86,USD,Misc
2026-08-16,POS 8/16 DOORDASH ORDER 100715 9:25,$25.85,USD,Food
2026-09-17,ACH PGANDE ELECTRIC BILL ACCT 100716,$141.56,USD,Utilities
2026-10-18,CARD 10/18 UBER TRIP HELP.UBER.COM REF 100717,$21.96,USD,Transport
2026-11-19,CARD 11/19 WHOLE FOODS MARKET 1718 CUPERTINO CA,$104.32,USD,Food
2026-12-20,POS 12/20 UNKNOWN MERCHANT ONLINE REF 100719,$8.68,USD,Uncategorized
2026-01-21,CARD 1/21 STARBUCKS #1720 SAN JOSE CA REF 100720,$4.00,USD,Food
2026-02-22,DEBIT 2/22 NETFLIX.COM MONTHLY REF 100721,$27.11,USD,Luxuries
2026-03-23,ACH LANDLORD CORP RENT PAYMENT UNIT 4B REF 100722,$1120.00,USD,Rent
2026-04-24,CARD 4/24 SHELL OIL 1723 MOUNTAIN VIEW CA,$14.49,USD,Transport
2026-05-25,ONLINE WATER UTILITY AUTOPAY ACCT 100724,$39.48,USD,Utilities
2026-06-26,CARD 6/26 CVS PHARMACY 1725 PALO ALTO CA,$35.25,USD,Healthcare
2026-07-27,CARD 7/27 TARGET T-1726 SUNNYVALE CA,$86.94,USD,Misc
2026-08-28,POS 8/28 DOORDASH ORDER 100727 21:49,$37.73,USD,Food
2026-09-01,ACH PGANDE ELECTRIC BILL ACCT 100728,$52.48,USD,Utilities
2026-10-02,CARD 10/2 UBER TRIP HELP.UBER.COM REF 100729,$32.52,USD,Transport
2026-11-03,CARD 11/3 WHOLE FOODS MARKET 1730 CUPERTINO CA,$119.20,USD,Food
2026-12-04,POS 12/4 UNKNOWN MERCHANT ONLINE REF 100731,$19.72,USD,Uncategorized
2026-01-05,CARD 1/5 STARBUCKS #1732 SAN JOSE CA REF 100732,$13.24,USD,Food
2026-02-06,DEBIT 2/6 NETFLIX.COM MONTHLY REF 100733,$15.28,USD,Luxuries
2026-03-07,ACH LANDLORD CORP RENT PAYMENT UNIT 4B REF 100734,$1460.00,USD,Rent
2026-04-08,CARD 4/8 SHELL OIL 1735 MOUNTAIN VIEW CA,$24.45,USD,Transport
2026-05-09,ONLINE WATER UTILITY AUTOPAY ACCT 100736,$52.92,USD,Utilities
2026-06-10,CARD 6/10 CVS PHARMACY 1737 PALO ALTO CA,$47.85,USD,Healthcare
2026-07-11,CARD 7/11 TARGET T-1738 SUNNYVALE CA,$100.02,USD,Misc
2026-08-12,POS 8/12 DOORDASH ORDER 100739 9:13,$49.61,USD,Food
2026-09-13,ACH PGANDE ELECTRIC BILL ACCT 100740,$68.20,USD,Utilities
2026-10-14,CARD 10/14 UBER TRIP HELP.UBER.COM REF 100741,$12.28,USD,Transport
2026-11-15,CARD 11/15 WHOLE FOODS MARKET 1742 CUPERTINO CA,$134.08,USD,Food
2026-12-16,POS 12/16 UNKNOWN MERCHANT ONLINE REF 100743,$30.76,USD,Uncategorized
2026-01-17,CARD 1/17 STARBUCKS #1744 SAN JOSE CA REF 100744,$22.48,USD,Food
2026-02-18,DEBIT 2/18 NETFLIX.COM MONTHLY REF 100745,$26.20,USD,Luxuries
2026-03-19,ACH LANDLORD CORP RENT PAYMENT UNIT 4B REF 100746,$1120.00,USD,Rent
2026-04-20,CARD 4/20 SHELL OIL 1747 MOUNTAIN VIEW CA,$34.41,USD,Transport
2026-05-21,ONLINE WATER UTILITY AUTOPAY ACCT 100748,$66.36,USD,Utilities
2026-06-22,CARD 6/22 CVS PHARMACY 1749 PALO ALTO CA,$60.45,USD,Healthcare
2026-07-23,CARD 7/23 TARGET T-1750 SUNNYVALE CA,$113.10,USD,Misc
2026-08-24,POS 8/24 DOORDASH ORDER 100751 21:37,$11.99,USD,Food
2026-09-25,ACH PGANDE ELECTRIC BILL ACCT 100752,$83.92,USD,Utilities
2026-10-26,CARD 10/26 UBER TRIP HELP.UBER.COM REF 100753,$22.84,USD,Transport
2026-11-27,CARD 11/27 WHOLE FOODS MARKET 1754 CUPERTINO CA,$148.96,USD,Food
2026-12-28,POS 12/28 UNKNOWN MERCHANT ONLINE REF 100755,$41.80,USD,Uncategorized
2026-01-01,CARD 1/1 STARBUCKS #1756 SAN JOSE CA REF 100756,$31.72,USD,Food
2026-02-02,DEBIT 2/2 NETFLIX.COM MONTHLY REF 100757,$14.37,USD,Luxuries
2026-03-03,ACH LANDLORD CORP RENT PAYMENT UNIT 4B REF 100758,$1460.00,USD,Rent
2026-04-04,CARD 4/4 SHELL OIL 1759 MOUNTAIN VIEW CA,$44.37,USD,Transport
2026-05-05,ONLINE WATER UTILITY AUTOPAY ACCT 100760,$79.80,USD,Utilities
2026-06-06,CARD 6/6 CVS PHARMACY 1761 PALO ALTO CA,$73.05,USD,Healthcare
2026-07-07,CARD 7/7 TARGET T-1762 SUNNYVALE CA,$126.18,USD,Misc
2026-08-08,POS 8/8 DOORDASH ORDER 100763 9:1,$23.87,USD,Food
2026-09-09,ACH PGANDE ELECTRIC BILL ACCT 100764,$99.64,USD,Utilities
2026-10-10,CARD 10/10 UBER TRIP HELP.UBER.COM REF 100765,$33.40,USD,Transport
2026-11-11,CARD 11/11 WHOLE FOODS MARKET 1766 CUPERTINO CA,$163.84,USD,Food
2026-12-12,POS 12/12 UNKNOWN MERCHANT ONLINE REF 100767,$52.84,USD,Uncategorized
2026-01-13,CARD 1/13 STARBUCKS #1768 SAN JOSE CA REF 100768,$10.16,USD,Food
2026-02-14,DEBIT 2/14 NETFLIX.COM MONTHLY REF 100769,$25.29,USD,Luxuries
2026-03-15,ACH LANDLORD CORP RENT PAYMENT UNIT 4B REF 100770,$1120.00,USD,Rent
2026-04-16,CARD 4/16 SHELL OIL 1771 MOUNTAIN VIEW CA,$16.98,USD,Transport
2026-05-17,ONLINE WATER UTILITY AUTOPAY ACCT 100772,$93.24,USD,Utilities
2026-06-18,CARD 6/18 CVS PHARMACY 1773 PALO ALTO CA,$12.15,USD,Healthcare
2026-07-19,CARD 7/19 TARGET T-1774 SUNNYVALE CA,$19.36,USD,Misc
2026-08-20,POS 8/20 DOORDASH ORDER 100775 21:25,$35.75,USD,Food
2026-09-21,ACH PGANDE ELECTRIC BILL ACCT 100776,$115.36,USD,Utilities
2026-10-22,CARD 10/22 UBER TRIP HELP.UBER.COM REF 100777,$13.16,USD,Transport
2026-11-23,CARD 11/23 WHOLE FOODS MARKET 1778 CUPERTINO CA,$178.72,USD,Food
2026-12-24,POS 12/24 UNKNOWN MERCHANT ONLINE REF 100779,$13.28,USD,Uncategorized
2026-01-25,CARD 1/25 STARBUCKS #1780 SAN JOSE CA REF 100780,$19.40,USD,Food
2026-02-26,DEBIT 2/26 NETFLIX.COM MONTHLY REF 100781,$13.46,USD,Luxuries
2026-03-27,ACH LANDLORD CORP RENT PAYMENT UNIT 4B REF 100782,$1460.00,USD,Rent
2026-04-28,CARD 4/28 SHELL OIL 1783 MOUNTAIN VIEW CA,$26.94,USD,Transport
2026-05-01,ONLINE WATER UTILITY AUTOPAY ACCT 100784,$39.48,USD,Utilities
2026-06-02,CARD 6/2 CVS PHARMACY 1785 PALO ALTO CA,$24.75,USD,Healthcare
2026-07-03,CARD 7/3 TARGET T-1786 SUNNYVALE CA,$32.44,USD,Misc
2026-08-04,POS 8/4 DOORDASH ORDER 100787 9:49,$47.63,USD,Food
2026-09-05,ACH PGANDE ELECTRIC BILL ACCT 100788,$131.08,USD,Utilities
2026-10-06,CARD 10/6 UBER TRIP HELP.UBER.COM REF 100789,$23.72,USD,Transport
2026-11-07,CARD 11/7 WHOLE FOODS MARKET 1790 CUPERTINO CA,$32.40,USD,Food
2026-12-08,POS 12/8 UNKNOWN MERCHANT ONLINE REF 100791,$24.32,USD,Uncategorized
2026-01-09,CARD 1/9 STARBUCKS #1792 SAN JOSE CA REF 100792,$28.64,USD,Food
2026-02-10,DEBIT 2/10 NETFLIX.COM MONTHLY REF 100793,$24.38,USD,Luxuries
2026-03-11,ACH LANDLORD CORP RENT PAYMENT UNIT 4B REF 100794,$1120.00,USD,Rent
2026-04-12,CARD 4/12 SHELL OIL 1795 MOUNTAIN VIEW CA,$36.90,USD,Transport
2026-05-13,ONLINE WATER UTILITY AUTOPAY ACCT 100796,$52.92,USD,Utilities
2026-06-14,CARD 6/14 CVS PHARMACY 1797 PALO ALTO CA,$37.35,USD,Healthcare
2026-07-15,CARD 7/15 TARGET T-1798 SUNNYVALE CA,$45.52,USD,Misc
2026-08-16,POS 8/16 DOORDASH ORDER 100799 21:13,$59.51,USD,Food
2026-09-17,ACH PGANDE ELECTRIC BILL ACCT 100800,$42.00,USD,Utilities
2026-10-18,CARD 10/18 UBER TRIP HELP.UBER.COM REF 100801,$34.28,USD,Transport
2026-11-19,CARD 11/19 WHOLE FOODS MARKET 1802 CUPERTINO CA,$47.28,USD,Food
2026-12-20,POS 12/20 UNKNOWN MERCHANT ONLINE REF 100803,$35.36,USD,Uncategorized
2026-01-21,CARD 1/21 STARBUCKS #1804 SAN JOSE CA REF 100804,$7.08,USD,Food
2026-02-22,DEBIT 2/22 NETFLIX.COM MONTHLY REF 100805,$12.55,USD,Luxuries
2026-03-23,ACH LANDLORD CORP RENT PAYMENT UNIT 4B REF 100806,$1460.00,USD,Rent
2026-04-24,CARD 4/24 SHELL OIL 1807 MOUNTAIN VIEW CA,$46.86,USD,Transport
2026-05-25,ONLINE WATER UTILITY AUTOPAY ACCT 100808,$66.36,USD,Utilities
2026-06-26,CARD 6/26 CVS PHARMACY 1809 PALO ALTO CA,$49.95,USD,Healthcare
2026-07-27,CARD 7/27 TARGET T-1810 SUNNYVALE CA,$58.60,USD,Misc
2026-08-28,POS 8/28 DOORDASH ORDER 100811 9:37,$21.89,USD,Food
2026-09-01,ACH PGANDE ELECTRIC BILL ACCT 100812,$57.72,USD,Utilities
2026-10-02,CARD 10/2 UBER TRIP HELP.UBER.COM REF 100813,$14.04,USD,Transport
2026-11-03,CARD 11/3 WHOLE FOODS MARKET 1814 CUPERTINO CA,$62.16,USD,Food
2026-12-04,POS 12/4 UNKNOWN MERCHANT ONLINE REF 100815,$46.40,USD,Uncategorized
2026-01-05,CARD 1/5 STARBUCKS #1816 SAN JOSE CA REF 100816,$16.32,USD,Food
2026-02-06,DEBIT 2/6 NETFLIX.COM MONTHLY REF 100817,$23.47,USD,Luxuries
2026-03-07,ACH LANDLORD CORP RENT PAYMENT UNIT 4B REF 100818,$1120.00,USD,Rent
2026-04-08,CARD 4/8 SHELL OIL 1819 MOUNTAIN VIEW CA,$19.47,USD,Transport
2026-05-09,ONLINE WATER UTILITY AUTOPAY ACCT 100820,$79.80,USD,Utilities
2026-06-10,CARD 6/10 CVS PHARMACY 1821 PALO ALTO CA,$62.55,USD,Healthcare
2026-07-11,CARD 7/11 TARGET T-1822 SUNNYVALE CA,$71.68,USD,Misc
2026-08-12,POS 8/12 DOORDASH ORDER 100823 21:1,$33.77,USD,Food
2026-09-13,ACH PGANDE ELECTRIC BILL ACCT 100824,$73.44,USD,Utilities
2026-10-14,CARD 10/14 UBER TRIP HELP.UBER.COM REF 100825,$24.60,USD,Transport
2026-11-15,CARD 11/15 WHOLE FOODS MARKET 1826 CUPERTINO CA,$77.04,USD,Food
2026-12-16,POS 12/16 UNKNOWN MERCHANT ONLINE REF 100827,$6.84,USD,Uncategorized
2026-01-17,CARD 1/17 STARBUCKS #1828 SAN JOSE CA REF 100828,$25.56,USD,Food
2026-02-18,DEBIT 2/18 NETFLIX.COM MONTHLY REF 100829,$11.64,USD,Luxuries
2026-03-19,ACH LANDLORD CORP RENT PAYMENT UNIT 4B REF 100830,$1460.00,USD,Rent
2026-04-20,CARD 4/20 SHELL OIL 1831 MOUNTAIN VIEW CA,$29.43,USD,Transport
2026-05-21,ONLINE WATER UTILITY AUTOPAY ACCT 100832,$93.24,USD,Utilities
2026-06-22,CARD 6/22 CVS PHARMACY 1833 PALO ALTO CA,$75.15,USD,Healthcare
2026-07-23,CARD 7/23 TARGET T-1834 SUNNYVALE CA,$84.76,USD,Misc
2026-08-24,POS 8/24 DOORDASH ORDER 100835 9:25,$45.65,USD,Food
2026-09-25,ACH PGANDE ELECTRIC BILL ACCT 100836,$89.16,USD,Utilities
2026-10-26,CARD 10/26 UBER TRIP HELP.UBER.COM REF 100837,$35.16,USD,Transport
2026-11-27,CARD 11/27 WHOLE FOODS MARKET 1838 CUPERTINO CA,$91.92,USD,Food
2026-12-28,POS 12/28 UNKNOWN MERCHANT ONLINE REF 100839,$17.88,USD,Uncategorized
2026-01-01,CARD 1/1 STARBUCKS #1840 SAN JOSE CA REF 100840,$4.00,USD,Food
2026-02-02,DEBIT 2/2 NETFLIX.COM MONTHLY REF 100841,$22.56,USD,Luxuries
2026-03-03,ACH LANDLORD CORP RENT PAYMENT UNIT 4B REF 100842,$1120.00,USD,Rent
2026-04-04,CARD 4/4 SHELL OIL 1843 MOUNTAIN VIEW CA,$39.39,USD,Transport
2026-05-05,ONLINE WATER UTILITY AUTOPAY ACCT 100844,$39.48,USD,Utilities
2026-06-06,CARD 6/6 CVS PHARMACY 1845 PALO ALTO CA,$14.25,USD,Healthcare
2026-07-07,CARD 7/7 TARGET T-1846 SUNNYVALE CA,$97.84,USD,Misc
2026-08-08,POS 8/8 DOORDASH ORDER 100847 21:49,$57.53,USD,Food
2026-09-09,ACH PGANDE ELECTRIC BILL ACCT 100848,$104.88,USD,Utilities
2026-10-10,CARD 10/10 UBER TRIP HELP.UBER.COM REF 100849,$14.92,USD,Transport
2026-11-11,CARD 11/11 WHOLE FOODS MARKET 1850 CUPERTINO CA,$106.80,USD,Food
2026-12-12,POS 12/12 UNKNOWN MERCHANT ONLINE REF 100851,$28.92,USD,Uncategorized
2026-01-13,CARD 1/13 STARBUCKS #1852 SAN JOSE CA REF 100852,$13.24,USD,Food
2026-02-14,DEBIT 2/14 NETFLIX.COM MONTHLY REF 100853,$10.73,USD,Luxuries
2026-03-15,ACH LANDLORD CORP RENT PAYMENT UNIT 4B REF 100854,$1460.00,USD,Rent
2026-04-16,CARD 4/16 SHELL OIL 1855 MOUNTAIN VIEW CA,$12.00,USD,Transport
2026-05-17,ONLINE WATER UTILITY AUTOPAY ACCT 100856,$52.92,USD,Utilities
2026-06-18,CARD 6/18 CVS PHARMACY 1857 PALO ALTO CA,$26.85,USD,Healthcare
2026-07-19,CARD 7/19 TARGET T-1858 SUNNYVALE CA,$110.92,USD,Misc
2026-08-20,POS 8/20 DOORDASH ORDER 100859 9:13,$19.91,USD,Food
2026-09-21,ACH PGANDE ELECTRIC BILL ACCT 100860,$120.60,USD,Utilities
2026-10-22,CARD 10/22 UBER TRIP HELP.UBER.COM REF 100861,$25.48,USD,Transport
2026-11-23,CARD 11/23 WHOLE FOODS MARKET 1862 CUPERTINO CA,$121.68,USD,Food
2026-12-24,POS 12/24 UNKNOWN MERCHANT ONLINE REF 100863,$39.96,USD,Uncategorized
2026-01-25,CARD 1/25 STARBUCKS #1864 SAN JOSE CA REF 100864,$22.48,USD,Food
2026-02-26,DEBIT 2/26 NETFLIX.COM MONTHLY REF 100865,$21.65,USD,Luxuries
2026-03-27,ACH LANDLORD CORP RENT PAYMENT UNIT 4B REF 100866,$1120.00,USD,Rent
2026-04-28,CARD 4/28 SHELL OIL 1867 MOUNTAIN VIEW CA,$21.96,USD,Transport
2026-05-01,ONLINE WATER UTILITY AUTOPAY ACCT 100868,$66.36,USD,Utilities
2026-06-02,CARD 6/2 CVS PHARMACY 1869 PALO ALTO CA,$39.45,USD,Healthcare
2026-07-03,CARD 7/3 TARGET T-1870 SUNNYVALE CA,$124.00,USD,Misc
2026-08-04,POS 8/4 DOORDASH ORDER 100871 21:37,$31.79,USD,Food
2026-09-05,ACH PGANDE ELECTRIC BILL ACCT 100872,$136.32,USD,Utilities
2026-10-06,CARD 10/6 UBER TRIP HELP.UBER.COM REF 100873,$36.04,USD,Transport
2026-11-07,CARD 11/7 WHOLE FOODS MARKET 1874 CUPERTINO CA,$136.56,USD,Food
2026-12-08,POS 12/8 UNKNOWN MERCHANT ONLINE REF 100875,$51.00,USD,Uncategorized
2026-01-09,CARD 1/9 STARBUCKS #1876 SAN JOSE CA REF 100876,$31.72,USD,Food
2026-02-10,DEBIT 2/10 NETFLIX.COM MONTHLY REF 100877,$9.82,USD,Luxuries
2026-03-11,ACH LANDLORD CORP RENT PAYMENT UNIT 4B REF 100878,$1460.00,USD,Rent
2026-04-12,CARD 4/12 SHELL OIL 1879 MOUNTAIN VIEW CA,$31.92,USD,Transport
2026-05-13,ONLINE WATER UTILITY AUTOPAY ACCT 100880,$79.80,USD,Utilities
2026-06-14,CARD 6/14 CVS PHARMACY 1881 PALO ALTO CA,$52.05,USD,Healthcare
2026-07-15,CARD 7/15 TARGET T-1882 SUNNYVALE CA,$17.18,USD,Misc
2026-08-16,POS 8/16 DOORDASH ORDER 100883 9:1,$43.67,USD,Food
2026-09-17,ACH PGANDE ELECTRIC BILL ACCT 100884,$47.24,USD,Utilities
2026-10-18,CARD 10/18 UBER TRIP HELP.UBER.COM REF 100885,$15.80,USD,Transport
2026-11-19,CARD 11/19 WHOLE FOODS MARKET 1886 CUPERTINO CA,$151.44,USD,Food
2026-12-20,POS 12/20 UNKNOWN MERCHANT ONLINE REF 100887,$11.44,USD,Uncategorized
2026-01-21,CARD 1/21 STARBUCKS #1888 SAN JOSE CA REF 100888,$10.16,USD,Food
2026-02-22,DEBIT 2/22 NETFLIX.COM MONTHLY REF 100889,$20.74,USD,Luxuries
2026-03-23,ACH LANDLORD CORP RENT PAYMENT UNIT 4B REF 100890,$1120.00,USD,Rent
2026-04-24,CARD 4/24 SHELL OIL 1891 MOUNTAIN VIEW CA,$41.88,USD,Transport
2026-05-25,ONLINE WATER UTILITY AUTOPAY ACCT 100892,$93.24,USD,Utilities
2026-06-26,CARD 6/26 CVS PHARMACY 1893 PALO ALTO CA,$64.65,USD,Healthcare
2026-07-27,CARD 7/27 TARGET T-1894 SUNNYVALE CA,$30.26,USD,Misc
2026-08-28,POS 8/28 DOORDASH ORDER 100895 21:25,$55.55,USD,Food
2026-09-01,ACH PGANDE ELECTRIC BILL ACCT 100896,$62.96,USD,Utilities
2026-10-02,CARD 10/2 UBER TRIP HELP.UBER.COM REF 100897,$26.36,USD,Transport
2026-11-03,CARD 11/3 WHOLE FOODS MARKET 1898 CUPERTINO CA,$166.32,USD,Food
2026-12-04,POS 12/4 UNKNOWN MERCHANT ONLINE REF 100899,$22.48,USD,Uncategorized
2026-01-05,CARD 1/5 STARBUCKS #1000 SAN JOSE CA REF 100900,$19.40,USD,Food
2026-02-06,DEBIT 2/6 NETFLIX.COM MONTHLY REF 100901,$8.91,USD,Luxuries
2026-03-07,ACH LANDLORD CORP RENT PAYMENT UNIT 4B REF 100902,$1460.00,USD,Rent
2026-04-08,CARD 4/8 SHELL OIL 1003 MOUNTAIN VIEW CA,$14.49,USD,Transport
2026-05-09,ONLINE WATER UTILITY AUTOPAY ACCT 100904,$39.48,USD,Utilities
2026-06-10,CARD 6/10 CVS PHARMACY 1005 PALO ALTO CA,$77.25,USD,Healthcare
2026-07-11,CARD 7/11 TARGET T-1006 SUNNYVALE CA,$43.34,USD,Misc
2026-08-12,POS 8/12 DOORDASH ORDER 100907 9:49,$17.93,USD,Food
2026-09-13,ACH PGANDE ELECTRIC BILL ACCT 100908,$78.68,USD,Utilities
2026-10-14,CARD 10/14 UBER TRIP HELP.UBER.COM REF 100909,$36.92,USD,Transport
2026-11-15,CARD 11/15 WHOLE FOODS MARKET 1010 CUPERTINO CA,$20.00,USD,Food
2026-12-16,POS 12/16 UNKNOWN MERCHANT ONLINE REF 100911,$33.52,USD,Uncategorized
2026-01-17,CARD 1/17 STARBUCKS #1012 SAN JOSE CA REF 100912,$28.64,USD,Food
2026-02-18,DEBIT 2/18 NETFLIX.COM MONTHLY REF 100913,$19.83,USD,Luxuries
2026-03-19,ACH LANDLORD CORP RENT PAYMENT UNIT 4B REF 100914,$1120.00,USD,Rent
2026-04-20,CARD 4/20 SHELL OIL 1015 MOUNTAIN VIEW CA,$24.45,USD,Transport
2026-05-21,ONLINE WATER UTILITY AUTOPAY ACCT 100916,$52.92,USD,Utilities
2026-06-22,CARD 6/22 CVS PHARMACY 1017 PALO ALTO CA,$16.35,USD,Healthcare
2026-07-23,CARD 7/23 TARGET T-1018 SUNNYVALE CA,$56.42,USD,Misc
2026-08-24,POS 8/24 DOORDASH ORDER 100919 21:13,$29.81,USD,Food
2026-09-25,ACH PGANDE ELECTRIC BILL ACCT 100920,$94.40,USD,Utilities
2026-10-26,CARD 10/26 UBER TRIP HELP.UBER.COM REF 100921,$16.68,USD,Transport
2026-11-27,CARD 11/27 WHOLE FOODS MARKET 1022 CUPERTINO CA,$34.88,USD,Food
2026-12-28,POS 12/28 UNKNOWN MERCHANT ONLINE REF 100923,$44.56,USD,Uncategorized
2026-01-01,CARD 1/1 STARBUCKS #1024 SAN JOSE CA REF 100924,$7.08,USD,Food
2026-02-02,DEBIT 2/2 NETFLIX.COM MONTHLY REF 100925,$8.00,USD,Luxuries
2026-03-03,ACH LANDLORD CORP RENT PAYMENT UNIT 4B REF 100926,$1460.00,USD,Rent
2026-04-04,CARD 4/4 SHELL OIL 1027 MOUNTAIN VIEW CA,$34.41,USD,Transport
2026-05-05,ONLINE WATER UTILITY AUTOPAY ACCT 100928,$66.36,USD,Utilities
2026-06-06,CARD 6/6 CVS PHARMACY 1029 PALO ALTO CA,$28.95,USD,Healthcare
2026-07-07,CARD 7/7 TARGET T-1030 SUNNYVALE CA,$69.50,USD,Misc
2026-08-08,POS 8/8 DOORDASH ORDER 100931 9:37,$41.69,USD,Food
2026-09-09,ACH PGANDE ELECTRIC BILL ACCT 100932,$110.12,USD,Utilities
2026-10-10,CARD 10/10 UBER TRIP HELP.UBER.COM REF 100933,$27.24,USD,Transport
2026-11-11,CARD 11/11 WHOLE FOODS MARKET 1034 CUPERTINO CA,$49.76,USD,Food
2026-12-12,POS 12/12 UNKNOWN MERCHANT ONLINE REF 100935,$5.00,USD,Uncategorized
2026-01-13,CARD 1/13 STARBUCKS #1036 SAN JOSE CA REF 100936,$16.32,USD,Food
2026-02-14,DEBIT 2/14 NETFLIX.COM MONTHLY REF 100937,$18.92,USD,Luxuries
2026-03-15,ACH LANDLORD CORP RENT PAYMENT UNIT 4B REF 100938,$1120.00,USD,Rent
2026-04-16,CARD 4/16 SHELL OIL 1039 MOUNTAIN VIEW CA,$44.37,USD,Transport
2026-05-17,ONLINE WATER UTILITY AUTOPAY ACCT 100940,$79.80,USD,Utilities
2026-06-18,CARD 6/18 CVS PHARMACY 1041 PALO ALTO CA,$41.55,USD,Healthcare
2026-07-19,CARD 7/19 TARGET T-1042 SUNNYVALE CA,$82.58,USD,Misc
2026-08-20,POS 8/20 DOORDASH ORDER 100943 21:1,$53.57,USD,Food
2026-09-21,ACH PGANDE ELECTRIC BILL ACCT 100944,$125.84,USD,Utilities
2026-10-22,CARD 10/22 UBER TRIP HELP.UBER.COM REF 100945,$7.00,USD,Transport
2026-11-23,CARD 11/23 WHOLE FOODS MARKET 1046 CUPERTINO CA,$64.64,USD,Food
2026-12-24,POS 12/24 UNKNOWN MERCHANT ONLINE REF 100947,$16.04,USD,Uncategorized
2026-01-25,CARD 1/25 STARBUCKS #1048 SAN JOSE CA REF 100948,$25.56,USD,Food
2026-02-26,DEBIT 2/26 NETFLIX.COM MONTHLY REF 100949,$29.84,USD,Luxuries
2026-03-27,ACH LANDLORD CORP RENT PAYMENT UNIT 4B REF 100950,$1460.00,USD,Rent
2026-04-28,CARD 4/28 SHELL OIL 1051 MOUNTAIN VIEW CA,$16.98,USD,Transport
2026-05-01,ONLINE WATER UTILITY AUTOPAY ACCT 100952,$93.24,USD,Utilities
2026-06-02,CARD 6/2 CVS PHARMACY 1053 PALO ALTO CA,$54.15,USD,Healthcare
2026-07-03,CARD 7/3 TARGET T-1054 SUNNYVALE CA,$95.66,USD,Misc
2026-08-04,POS 8/4 DOORDASH ORDER 100955 9:25,$15.95,USD,Food
2026-09-05,ACH PGANDE ELECTRIC BILL ACCT 100956,$141.56,USD,Utilities
2026-10-06,CARD 10/6 UBER TRIP HELP.UBER.COM REF 100957,$17.56,USD,Transport
2026-11-07,CARD 11/7 WHOLE FOODS MARKET 1058 CUPERTINO CA,$79.52,USD,Food
2026-12-08,POS 12/8 UNKNOWN MERCHANT ONLINE REF 100959,$27.08,USD,Uncategorized
2026-01-09,CARD 1/9 STARBUCKS #1060 SAN JOSE CA REF 100960,$4.00,USD,Food
2026-02-10,DEBIT 2/10 NETFLIX.COM MONTHLY REF 100961,$18.01,USD,Luxuries
2026-03-11,ACH LANDLORD CORP RENT PAYMENT UNIT 4B REF 100962,$1120.00,USD,Rent
2026-04-12,CARD 4/12 SHELL OIL 1063 MOUNTAIN VIEW CA,$26.94,USD,Transport
2026-05-13,ONLINE WATER UTILITY AUTOPAY ACCT 100964,$39.48,USD,Utilities
2026-06-14,CARD 6/14 CVS PHARMACY 1065 PALO ALTO CA,$66.75,USD,Healthcare
2026-07-15,CARD 7/15 TARGET T-1066 SUNNYVALE CA,$108.74,USD,Misc
2026-08-16,POS 8/16 DOORDASH ORDER 100967 21:49,$27.83,USD,Food
2026-09-17,ACH PGANDE ELECTRIC BILL ACCT 100968,$52.48,USD,Utilities
2026-10-18,CARD 10/18 UBER TRIP HELP.UBER.COM REF 100969,$28.12,USD,Transport
2026-11-19,CARD 11/19 WHOLE FOODS MARKET 1070 CUPERTINO CA,$94.40,USD,Food
2026-12-20,POS 12/20 UNKNOWN MERCHANT ONLINE REF 100971,$38.12,USD,Uncategorized
2026-01-21,CARD 1/21 STARBUCKS #1072 SAN JOSE CA REF 100972,$13.24,USD,Food
2026-02-22,DEBIT 2/22 NETFLIX.COM MONTHLY REF 100973,$28.93,USD,Luxuries
2026-03-23,ACH LANDLORD CORP RENT PAYMENT UNIT 4B REF 100974,$1460.00,USD,Rent
2026-04-24,CARD 4/24 SHELL OIL 1075 MOUNTAIN VIEW CA,$36.90,USD,Transport
2026-05-25,ONLINE WATER UTILITY AUTOPAY ACCT 100976,$52.92,USD,Utilities
2026-06-26,CARD 6/26 CVS PHARMACY 1077 PALO ALTO CA,$79.35,USD,Healthcare
2026-07-27,CARD 7/27 TARGET T-1078 SUNNYVALE CA,$121.82,USD,Misc
2026-08-28,POS 8/28 DOORDASH ORDER 100979 9:13,$39.71,USD,Food
2026-09-01,ACH PGANDE ELECTRIC BILL ACCT 100980,$68.20,USD,Utilities
2026-10-02,CARD 10/2 UBER TRIP HELP.UBER.COM REF 100981,$7.88,USD,Transport
2026-11-03,CARD 11/3 WHOLE FOODS MARKET 1082 CUPERTINO CA,$109.28,USD,Food
2026-12-04,POS 12/4 UNKNOWN MERCHANT ONLINE REF 100983,$49.16,USD,Uncategorized
2026-01-05,CARD 1/5 STARBUCKS #1084 SAN JOSE CA REF 100984,$22.48,USD,Food
2026-02-06,DEBIT 2/6 NETFLIX.COM MONTHLY REF 100985,$17.10,USD,Luxuries
2026-03-07,ACH LANDLORD CORP RENT PAYMENT UNIT 4B REF 100986,$1120.00,USD,Rent
2026-04-08,CARD 4/8 SHELL OIL 1087 MOUNTAIN VIEW CA,$46.86,USD,Transport
2026-05-09,ONLINE WATER UTILITY AUTOPAY ACCT 100988,$66.36,USD,Utilities
2026-06-10,CARD 6/10 CVS PHARMACY 1089 PALO ALTO CA,$18.45,USD,Healthcare
2026-07-11,CARD 7/11 TARGET T-1090 SUNNYVALE CA,$15.00,USD,Misc
2026-08-12,POS 8/12 DOORDASH ORDER 100991 21:37,$51.59,USD,Food
2026-09-13,ACH PGANDE ELECTRIC BILL ACCT 100992,$83.92,USD,Utilities
2026-10-14,CARD 10/14 UBER TRIP HELP.UBER.COM REF 100993,$18.44,USD,Transport
2026-11-15,CARD 11/15 WHOLE FOODS MARKET 1094 CUPERTINO CA,$124.16,USD,Food
2026-12-16,POS 12/16 UNKNOWN MERCHANT ONLINE REF 100995,$9.60,USD,Uncategorized
2026-01-17,CARD 1/17 STARBUCKS #1096 SAN JOSE CA REF 100996,$31.72,USD,Food
2026-02-18,DEBIT 2/18 NETFLIX.COM MONTHLY REF 100997,$28.02,USD,Luxuries
2026-03-19,ACH LANDLORD CORP RENT PAYMENT UNIT 4B REF 100998,$1460.00,USD,Rent
2026-04-20,CARD 4/20 SHELL OIL 1099 MOUNTAIN VIEW CA,$19.47,USD,Transport
2026-05-21,ONLINE WATER UTILITY AUTOPAY ACCT 101000,$79.80,USD,Utilities
